Market,Arrival Date,Arrivals (Tonnes),Variety,Minimum Price(Rs./Quintal),Maximum Price(Rs./Quintal),Modal Price(Rs./Quintal),,,,,
Ambala Cantt.,8/1/2024,8.8,Other,2000,4000,3500,,,,,
Ambala Cantt.,8/2/2024,8.5,Other,2000,4000,3500,,,,,
Ambala Cantt.,8/4/2024,4.6,Other,2000,4000,3500,,,,,
Ambala Cantt.,8/9/2024,12,Other,2000,4000,3500,,,,,
Ambala Cantt.,8/10/2024,8.5,Other,2000,4000,3500,,,,, 
Ambala Cantt.,8/11/2024,1.5,Other,2000,4000,2500,,,,,
Ambala Cantt.,8/19/2024,8.5,Other,1800,2500,2200,,,,,
Ambala Cantt.,8/23/2024,9.8,Other,1800,2500,2200,,,,,
Ambala Cantt.,8/28/2024,9.8,Other,1500,2600,2200,,,,,
Ambala Cantt.,8/29/2024,8.5,Other,1500,2800,2500,,,,,
Ambala Cantt.,8/30/2024,8.6,Other,1500,2600,2200,,,,,
Ambala Cantt.,8/31/2024,8,Other,1500,2600,2200,,,,,
Bahadurgarh,8/1/2024,7.5,Other,4000,5500,5000,,,,,
Bahadurgarh,8/2/2024,10,Other,4000,5500,5000,,,,,
Bahadurgarh,8/3/2024,8.7,Other,3500,4000,3800,,,,,
Bahadurgarh,8/4/2024,9.5,Other,3500,4500,4000,,,,,
Bahadurgarh,8/5/2024,8.1,Other,3500,4500,4000,,,,,
Bahadurgarh,8/9/2024,7.9,Other,3000,6000,5000,,,,,
Bahadurgarh,8/10/2024,8.9,Other,3000,3500,3200,,,,,
Bahadurgarh,8/11/2024,6,Other,3000,3500,3200,,,,,
Bahadurgarh,8/12/2024,8,Other,2500,3500,3000,,,,,
Bahadurgarh,8/13/2024,8,Other,2500,3500,3000,,,,,
Bahadurgarh,8/14/2024,6.7,Other,2500,3500,3000,,,,,
Bahadurgarh,8/16/2024,9,Other,2500,4000,3500,,,,,
Bahadurgarh,8/17/2024,10.6,Other,2500,4000,3500,,,,,
Bahadurgarh,8/19/2024,7.2,Other,3000,4000,3500,,,,,
Bahadurgarh,8/20/2024,11,Other,2200,2500,2400,,,,,
Bahadurgarh,8/23/2024,11.6,Other,2200,2500,2400,,,,,
Bahadurgarh,8/24/2024,10.5,Other,2200,2500,2400,,,,,
Bahadurgarh,8/26/2024,8.7,Other,2500,3500,3000,,,,,
Bahadurgarh,8/27/2024,8.1,Other,2500,3500,3000,,,,,
Bahadurgarh,8/28/2024,12.1,Other,2500,3500,3000,,,,,
Bahadurgarh,8/29/2024,4,Other,2800,3800,3500,,,,,
Bahadurgarh,8/30/2024,10.7,Other,3000,4000,3500,,,,,
Bahadurgarh,8/31/2024,10,Other,2300,2500,2400,,,,,
Ballabhgarh,8/1/2024,6,Other,4000,4500,4200,,,,,
Ballabhgarh,8/2/2024,4,Other,1500,2000,1800,,,,,
Ballabhgarh,8/4/2024,3.5,Other,3000,4000,3500,,,,,
Ballabhgarh,8/5/2024,4.5,Other,2000,4000,3500,,,,,
Ballabhgarh,8/6/2024,3.5,Other,3000,3500,3500,,,,,
Ballabhgarh,8/7/2024,5.2,Other,3000,4000,3500,,,,,
Ballabhgarh,8/9/2024,6,Other,1500,2500,2000,,,,,
Ballabhgarh,8/10/2024,6,Other,3000,4000,3500,,,,,
Ballabhgarh,8/11/2024,3.5,Other,2500,3500,3000,,,,,
Ballabhgarh,8/12/2024,5.8,Other,2000,2500,2200,,,,,
Ballabhgarh,8/14/2024,4.2,Other,2000,3000,2500,,,,,
Ballabhgarh,8/15/2024,3,Other,3000,4000,3500,,,,,
Ballabhgarh,8/17/2024,5,Other,2500,3500,3000,,,,,
Ballabhgarh,8/19/2024,7,Other,3000,4000,3500,,,,,
Ballabhgarh,8/20/2024,6,Other,2500,3000,2800,,,,,
Ballabhgarh,8/21/2024,4,Other,2500,3000,2500,,,,,
Ballabhgarh,8/22/2024,7,Other,1600,2000,1800,,,,,
Ballabhgarh,8/23/2024,6.2,Other,1500,2000,1700,,,,,
Ballabhgarh,8/24/2024,5.2,Other,2500,3000,2800,,,,,
Ballabhgarh,8/26/2024,4.5,Other,2500,3500,3000,,,,,
Ballabhgarh,8/27/2024,6,Other,2000,3000,2500,,,,,
Ballabhgarh,8/28/2024,4,Other,1800,2500,2000,,,,,
Ballabhgarh,8/29/2024,5.2,Other,1500,2500,2000,,,,,
Ballabhgarh,8/30/2024,14,Other,1200,2500,2000,,,,,
Ballabhgarh,8/31/2024,5.2,Other,2000,2500,2200,,,,,
Barara,8/1/2024,0.7,Other,1800,2800,2800,,,,,
Barara,8/2/2024,0.84,Other,1800,2500,2500,,,,,
Barara,8/3/2024,0.6,Other,1800,2000,2000,,,,,
Barara,8/5/2024,0.5,Other,2000,3000,3000,,,,,
Barara,8/6/2024,0.32,Other,2500,3200,3200,,,,,
Barara,8/7/2024,0.64,Other,1800,2500,2500,,,,,
Barara,8/8/2024,0.61,Other,2500,3000,3000,,,,,
Barara,8/9/2024,0.4,Other,2000,3000,3000,,,,,
Barara,8/10/2024,0.35,Other,2000,2800,2800,,,,,
Barara,8/12/2024,0.24,Other,2500,3000,2500,,,,,
Barara,8/13/2024,0.44,Other,2500,3000,3000,,,,,
Barara,8/14/2024,0.35,Other,2500,3000,2500,,,,,
Barara,8/15/2024,0.3,Other,1800,3000,3000,,,,,
Barara,8/16/2024,0.4,Other,2000,2500,2500,,,,,
Barara,8/17/2024,0.25,Other,2800,3200,3200,,,,,
Barara,8/21/2024,0.42,Other,1500,2250,2000,,,,,
Barara,8/22/2024,0.32,Other,1800,2000,2000,,,,,
Barara,8/23/2024,0.32,Other,2500,3000,3000,,,,,
Barara,8/24/2024,0.64,Other,1500,3000,2800,,,,,
Barara,8/26/2024,0.51,Other,1500,2500,2500,,,,,
Barara,8/27/2024,0.46,Other,2500,2800,2800,,,,,
Barara,8/28/2024,0.6,Other,2500,3000,3000,,,,,
Barara,8/29/2024,0.5,Other,2000,3000,3000,,,,,
Barara,8/30/2024,0.41,Other,1500,2500,2500,,,,,
Barara,8/31/2024,0.4,Other,1500,2500,2500,,,,,
Barwala,8/1/2024,16,Other,2500,3000,2750,,,,,
Barwala,8/2/2024,14,Other,2500,3000,2750,,,,,
Barwala,8/3/2024,12,Other,2500,3000,2750,,,,,
Barwala,8/4/2024,10,Other,2500,3000,2750,,,,,
Barwala,8/5/2024,8,Other,2500,3500,3000,,,,,
Barwala,8/6/2024,20.7,Other,1500,2500,2000,,,,,
Barwala,8/7/2024,21,Other,1500,2500,2000,,,,,
Barwala,8/8/2024,20,Other,1500,2500,2000,,,,,
Barwala,8/9/2024,21,Other,1500,2500,2000,,,,,
Barwala,8/10/2024,12,Other,1500,2500,2000,,,,,
Barwala,8/11/2024,10,Other,1500,2500,2000,,,,,
Barwala,8/12/2024,11.5,Other,2000,3000,2500,,,,,
Barwala,8/13/2024,11,Other,2000,3000,2500,,,,,
Barwala,8/14/2024,10,Other,2000,3000,2500,,,,,
Barwala,8/15/2024,8,Other,2000,3000,2500,,,,,
Barwala,8/16/2024,8,Other,2000,2500,2250,,,,,
Barwala,8/21/2024,25,Other,2000,2500,2250,,,,,
Barwala,8/22/2024,21,Other,2000,2500,2250,,,,,
Barwala,8/24/2024,35,Other,2000,2500,2250,,,,,
Barwala,8/25/2024,16,Other,2000,2500,2250,,,,,
Barwala,8/26/2024,11,Other,2000,2500,2250,,,,,
Barwala,8/27/2024,11,Other,2000,2500,2250,,,,,
Barwala,8/28/2024,10,Other,1000,2000,1500,,,,,
Barwala,8/29/2024,35,Other,1400,1600,1500,,,,,
Barwala,8/30/2024,32,Other,1200,1800,1500,,,,,
Barwala,8/31/2024,30,Other,1200,1800,1500,,,,,
Barwala(Hisar),8/1/2024,2.5,Other,3000,5000,4500,,,,,
Barwala(Hisar),8/2/2024,1.9,Other,3000,5000,4000,,,,,
Barwala(Hisar),8/3/2024,0.4,Other,3500,4000,4000,,,,,
Barwala(Hisar),8/4/2024,1,Other,4000,5000,4500,,,,,
Barwala(Hisar),8/5/2024,2.5,Other,4000,5000,4500,,,,,
Barwala(Hisar),8/6/2024,2.6,Other,3000,4500,4000,,,,,
Barwala(Hisar),8/7/2024,1.1,Other,4000,4500,4400,,,,,
Barwala(Hisar),8/9/2024,2.5,Other,3500,4000,3800,,,,,
Barwala(Hisar),8/10/2024,3.2,Other,2500,3000,2800,,,,,
Barwala(Hisar),8/11/2024,3.1,Other,3000,3500,3200,,,,,
Barwala(Hisar),8/12/2024,0.2,Other,3000,4000,3500,,,,,
Barwala(Hisar),8/13/2024,1.2,Other,2500,3000,2800,,,,,
Barwala(Hisar),8/14/2024,4,Other,3000,3200,3100,,,,,
Barwala(Hisar),8/15/2024,1.6,Other,2500,3000,2800,,,,,
Barwala(Hisar),8/16/2024,3.3,Other,3000,3500,3400,,,,,
Barwala(Hisar),8/17/2024,1.9,Other,3000,3500,3400,,,,,
Barwala(Hisar),8/18/2024,2.4,Other,3000,3500,3200,,,,,
Barwala(Hisar),8/19/2024,1.9,Other,3000,3500,3400,,,,,
Barwala(Hisar),8/20/2024,1.3,Other,3000,3500,3400,,,,,
Barwala(Hisar),8/21/2024,1.7,Other,3000,3500,3300,,,,,
Barwala(Hisar),8/22/2024,2,Other,3000,3500,3300,,,,,
Barwala(Hisar),8/23/2024,1.1,Other,3200,3500,3400,,,,,
Barwala(Hisar),8/24/2024,5.5,Other,2000,2500,2400,,,,,
Barwala(Hisar),8/25/2024,1.7,Other,2500,3000,2800,,,,,
Barwala(Hisar),8/26/2024,0.9,Other,1500,2000,1800,,,,,
Barwala(Hisar),8/27/2024,1.2,Other,2000,2500,2400,,,,,
Barwala(Hisar),8/28/2024,1.9,Other,2000,2500,2400,,,,,
Barwala(Hisar),8/29/2024,2.3,Other,2000,2500,2400,,,,,
Barwala(Hisar),8/30/2024,2.8,Other,2000,2500,2400,,,,,
Bhiwani,8/1/2024,1.3,Tomato,3250,4010,3560,,,,,
Bhiwani,8/2/2024,0.7,Tomato,3000,4000,3500,,,,,
Bhiwani,8/5/2024,0.6,Tomato,3210,3660,3540,,,,,
Bhiwani,8/6/2024,0.6,Tomato,3250,4000,3540,,,,,
Bhiwani,8/7/2024,0.9,Tomato,3010,4200,3540,,,,,
Bhiwani,8/8/2024,0.8,Tomato,3250,4250,3540,,,,,
Bhiwani,8/9/2024,0.8,Tomato,3000,4000,3410,,,,,
Bhiwani,8/11/2024,0.4,Tomato,3201,4000,3450,,,,,
Bhiwani,8/30/2024,1.5,Tomato,2850,3120,3000,,,,,
Bhiwani,8/31/2024,0.9,Tomato,2780,3200,3000,,,,,
Ch. Dadri,8/1/2024,2.4,Other,1500,5500,3500,,,,,
Ch. Dadri,8/2/2024,1.8,Other,3900,4000,3950,,,,,
Ch. Dadri,8/3/2024,2.7,Other,1600,4000,2800,,,,,
Ch. Dadri,8/4/2024,2.4,Other,3000,3500,3250,,,,,
Ch. Dadri,8/5/2024,2.5,Other,1100,4200,2650,,,,,
Ch. Dadri,8/7/2024,3.2,Other,1500,4000,2750,,,,,
Ch. Dadri,8/8/2024,2.9,Other,3000,4000,3500,,,,,
Ch. Dadri,8/9/2024,3.6,Other,2200,4000,3100,,,,,
Ch. Dadri,8/10/2024,1.6,Other,2800,3500,3150,,,,,
Ch. Dadri,8/11/2024,2.6,Other,2000,3500,2750,,,,,
Ch. Dadri,8/12/2024,2.3,Other,1000,4200,2600,,,,,
Ch. Dadri,8/13/2024,4,Other,1800,4000,2900,,,,,
Ch. Dadri,8/23/2024,5.2,Other,1000,3200,2100,,,,,
Ch. Dadri,8/24/2024,5.6,Other,2200,4000,3100,,,,,
Ch. Dadri,8/28/2024,5.8,Other,1600,3500,2550,,,,,
Ch. Dadri,8/29/2024,3.1,Other,2000,3200,2600,,,,,
Ch. Dadri,8/30/2024,5.3,Other,1200,3000,2100,,,,,
Ch. Dadri,8/31/2024,5.8,Other,1000,2800,1900,,,,,
Chhachrauli,8/1/2024,0.08,Tomato,3600,5000,3600,,,,,
Chhachrauli,8/2/2024,0.13,Tomato,3200,5000,3200,,,,,
Chhachrauli,8/3/2024,0.09,Tomato,3600,6000,3600,,,,,
Chhachrauli,8/5/2024,0.09,Tomato,3600,6000,3600,,,,,
Chhachrauli,8/7/2024,0.03,Tomato,5000,5000,5000,,,,,
Chhachrauli,8/8/2024,0.03,Tomato,5000,5000,5000,,,,,
Chhachrauli,8/9/2024,0.03,Tomato,6000,6000,6000,,,,,
Chhachrauli,8/10/2024,0.05,Tomato,5000,5000,5000,,,,,
Chhachrauli,8/11/2024,0.04,Tomato,5000,5000,5000,,,,,
Chhachrauli,8/12/2024,0.03,Tomato,5000,5000,5000,,,,,
Chhachrauli,8/13/2024,0.04,Tomato,5000,5000,5000,,,,,
Chhachrauli,8/14/2024,0.04,Tomato,5000,5000,5000,,,,,
Chhachrauli,8/15/2024,0.05,Tomato,6000,6000,6000,,,,,
Chhachrauli,8/16/2024,0.04,Tomato,6000,6000,6000,,,,,
Chhachrauli,8/17/2024,0.04,Tomato,6000,6000,6000,,,,,
Chhachrauli,8/19/2024,0.05,Tomato,5000,5000,5000,,,,,
Chhachrauli,8/20/2024,0.04,Tomato,5000,5000,5000,,,,,
Chhachrauli,8/22/2024,0.04,Tomato,4400,4400,4400,,,,,
Chhachrauli,8/26/2024,0.02,Tomato,5000,5000,5000,,,,,
Chhachrauli,8/27/2024,0.03,Tomato,5000,5000,5000,,,,,
Chhachrauli,8/28/2024,0.02,Tomato,5000,5000,5000,,,,,
Chhachrauli,8/30/2024,0.05,Tomato,4000,4000,4000,,,,,
Chhachrauli,8/31/2024,0.02,Tomato,5000,5000,5000,,,,,
Dhand,8/1/2024,0.1,Deshi,2800,3000,2950,,,,,
Dhand,8/2/2024,0.1,Deshi,3800,4000,3980,,,,,
Dhand,8/3/2024,0.1,Deshi,4500,5000,4900,,,,,
Dhand,8/5/2024,0.2,Deshi,4000,5000,4800,,,,,
Dhand,8/7/2024,0.1,Deshi,2300,2500,2400,,,,,
Dhand,8/8/2024,0.1,Deshi,3300,3600,3500,,,,,
Dhand,8/9/2024,0.1,Deshi,4000,4200,4150,,,,,
Dhand,8/10/2024,0.1,Deshi,4000,4500,4400,,,,,
Dhand,8/11/2024,0.2,Deshi,4000,4600,4400,,,,,
Dhand,8/12/2024,0.1,Deshi,3500,4000,3800,,,,,
Dhand,8/13/2024,0.2,Deshi,2500,3000,2900,,,,,
Dhand,8/14/2024,0.2,Deshi,3000,3300,3200,,,,,
Dhand,8/15/2024,0.1,Deshi,3000,3300,3250,,,,,
Dhand,8/16/2024,0.1,Deshi,3000,3500,3400,,,,,
Dhand,8/17/2024,0.3,Deshi,3300,3800,3700,,,,,
Dhand,8/18/2024,0.2,Deshi,2000,3500,3300,,,,,
Dhand,8/19/2024,0.2,Deshi,3400,4000,3800,,,,,
Dhand,8/20/2024,0.2,Deshi,2500,3000,2900,,,,,
Dhand,8/22/2024,0.1,Deshi,3000,3300,3250,,,,,
Dhand,8/23/2024,0.1,Deshi,3000,3200,3150,,,,,
Dhand,8/24/2024,0.1,Deshi,2500,2600,2580,,,,,
Dhand,8/26/2024,0.1,Deshi,3000,3200,3150,,,,,
Dhand,8/27/2024,0.3,Deshi,2500,3000,2900,,,,,
Dhand,8/28/2024,0.2,Deshi,2500,2800,2700,,,,,
Dhand,8/29/2024,0.1,Deshi,3000,3200,3150,,,,,
Dhand,8/31/2024,0.2,Deshi,2500,2600,2580,,,,,
Farukh Nagar,8/1/2024,1.2,Other,5000,6000,5000,,,,,
Farukh Nagar,8/2/2024,1.3,Other,5000,6000,5000,,,,,
Farukh Nagar,8/3/2024,1.9,Other,4500,5500,4500,,,,,
Farukh Nagar,8/4/2024,1.9,Other,4500,5000,4500,,,,,
Farukh Nagar,8/5/2024,1.6,Other,4000,5000,4000,,,,,
Farukh Nagar,8/6/2024,1.7,Other,3500,4500,3500,,,,,
Farukh Nagar,8/7/2024,1.5,Other,3500,4000,3500,,,,,
Farukh Nagar,8/8/2024,1.6,Other,3500,4500,3500,,,,,
Farukh Nagar,8/9/2024,1,Other,3000,4500,3000,,,,,
Farukh Nagar,8/10/2024,1.4,Other,3500,4500,3500,,,,,
Farukh Nagar,8/11/2024,1.2,Other,3500,4500,3500,,,,,
Farukh Nagar,8/12/2024,1.2,Other,3500,4500,3500,,,,,
Farukh Nagar,8/13/2024,1.1,Other,3000,4000,3000,,,,,
Farukh Nagar,8/14/2024,1.4,Other,3000,4000,3000,,,,,
Farukh Nagar,8/15/2024,1.4,Other,3000,4000,3000,,,,,
Farukh Nagar,8/16/2024,1.3,Other,3500,4000,3500,,,,,
Farukh Nagar,8/19/2024,0.9,Other,3500,4000,3500,,,,,
Farukh Nagar,8/20/2024,1.2,Other,2800,3800,2800,,,,,
Farukh Nagar,8/21/2024,0.5,Other,3000,3500,3000,,,,,
Farukh Nagar,8/22/2024,0.8,Other,2800,3700,2800,,,,,
Farukh Nagar,8/23/2024,1,Other,3000,3500,3000,,,,,
Farukh Nagar,8/26/2024,0.8,Other,3000,3500,3000,,,,,
Farukh Nagar,8/27/2024,0.8,Other,2500,3500,2500,,,,,
Farukh Nagar,8/29/2024,3.1,Other,1500,2500,1500,,,,,
Farukh Nagar,8/30/2024,3.3,Other,1600,2500,1600,,,,,
Farukh Nagar,8/31/2024,3.1,Other,1500,2500,1500,,,,,
FerozpurZirkha(Nagina),8/1/2024,1.5,Other,4000,4800,4400,,,,,
FerozpurZirkha(Nagina),8/2/2024,1,Other,4000,4400,4200,,,,,
FerozpurZirkha(Nagina),8/3/2024,1.5,Other,3200,4000,3600,,,,,
FerozpurZirkha(Nagina),8/4/2024,1.4,Other,3200,3600,3400,,,,,
FerozpurZirkha(Nagina),8/5/2024,1.3,Other,3200,3600,3400,,,,,
FerozpurZirkha(Nagina),8/6/2024,1.8,Other,3200,3600,3400,,,,,
FerozpurZirkha(Nagina),8/7/2024,1.5,Other,3200,3600,3400,,,,,
FerozpurZirkha(Nagina),8/8/2024,1.5,Other,3200,4000,3600,,,,,
FerozpurZirkha(Nagina),8/9/2024,1.5,Other,3200,4000,3600,,,,,
FerozpurZirkha(Nagina),8/10/2024,1.2,Other,2800,3200,3000,,,,,
FerozpurZirkha(Nagina),8/11/2024,1,Other,3200,3600,3400,,,,,
FerozpurZirkha(Nagina),8/13/2024,1.5,Other,2800,3200,3000,,,,,
FerozpurZirkha(Nagina),8/14/2024,1.8,Other,2800,3200,3000,,,,,
FerozpurZirkha(Nagina),8/16/2024,1.5,Other,2800,3200,3000,,,,,
FerozpurZirkha(Nagina),8/17/2024,1.2,Other,3000,3400,3200,,,,,
FerozpurZirkha(Nagina),8/18/2024,1.5,Other,3000,3400,3200,,,,,
FerozpurZirkha(Nagina),8/20/2024,1.8,Other,3000,3400,3200,,,,,
FerozpurZirkha(Nagina),8/22/2024,1.8,Other,3000,3400,3200,,,,,
FerozpurZirkha(Nagina),8/23/2024,2.2,Other,3000,3400,3200,,,,,
FerozpurZirkha(Nagina),8/26/2024,1.8,Other,3000,3400,3200,,,,,
FerozpurZirkha(Nagina),8/27/2024,1.6,Other,3000,3400,3200,,,,,
FerozpurZirkha(Nagina),8/28/2024,1.4,Other,3000,3400,3200,,,,,
FerozpurZirkha(Nagina),8/29/2024,1.5,Other,3000,3400,3200,,,,,
FerozpurZirkha(Nagina),8/30/2024,1.8,Other,3000,3800,3400,,,,,
Ganaur,8/5/2024,1,Tomato,4000,4500,4200,,,,,
Ganaur,8/6/2024,2,Tomato,3000,4000,3500,,,,,
Ganaur,8/7/2024,2.7,Tomato,2500,3000,2800,,,,,
Ganaur,8/8/2024,1.75,Tomato,2500,3000,2800,,,,,
Ganaur,8/9/2024,0.9,Tomato,2500,3000,2800,,,,,
Ganaur,8/10/2024,1.4,Tomato,3000,4000,3500,,,,,
Ganaur,8/11/2024,2.4,Tomato,3000,4000,3500,,,,,
Ganaur,8/12/2024,0.7,Tomato,3000,4000,3500,,,,,
Ganaur,8/13/2024,2,Tomato,3000,4000,3500,,,,,
Ganaur,8/14/2024,1.3,Tomato,3000,4000,3500,,,,,
Ganaur,8/15/2024,1.25,Tomato,3000,4000,3500,,,,,
Ganaur,8/16/2024,1.05,Tomato,3500,4000,3800,,,,,
Ganaur,8/17/2024,1.3,Tomato,2600,3000,2800,,,,,
Ganaur,8/18/2024,1.9,Tomato,3000,3500,3200,,,,,
Ganaur,8/19/2024,1.05,Tomato,3000,3500,3200,,,,,
Ganaur,8/20/2024,0.7,Tomato,3000,4000,3500,,,,,
Ganaur,8/21/2024,1.95,Tomato,2500,3000,2800,,,,,
Ganaur,8/22/2024,2.35,Tomato,4000,4500,4200,,,,,
Ganaur,8/23/2024,1.4,Tomato,2000,3000,2500,,,,,
Ganaur,8/24/2024,1.4,Tomato,2000,3000,2500,,,,,
Ganaur,8/26/2024,1.6,Tomato,3000,4000,3500,,,,,
Ganaur,8/27/2024,0.5,Tomato,3000,4000,3500,,,,,
Ganaur,8/28/2024,1.3,Tomato,3000,4000,3500,,,,,
Ganaur,8/29/2024,1.5,Tomato,3000,4000,3500,,,,,
Ganaur,8/30/2024,2.15,Tomato,3000,3500,3200,,,,,
Ganaur,8/31/2024,1.7,Tomato,3000,4000,3500,,,,,
Gharaunda,8/1/2024,0.5,Other,3000,4500,4500,,,,,
Gharaunda,8/2/2024,0.6,Other,3000,4000,4000,,,,,
Gharaunda,8/3/2024,0.5,Other,3000,4500,4500,,,,,
Gharaunda,8/5/2024,0.9,Other,3000,4000,4000,,,,,
Gharaunda,8/6/2024,1.1,Other,3000,3600,3600,,,,,
Gharaunda,8/7/2024,0.8,Other,3000,3500,3500,,,,,
Gharaunda,8/8/2024,1.2,Other,3000,3500,3500,,,,,
Gharaunda,8/9/2024,0.8,Other,3000,3400,3400,,,,,
Gharaunda,8/10/2024,0.8,Other,3000,3500,3500,,,,,
Gharaunda,8/12/2024,1.3,Other,3000,3500,3500,,,,,
Gharaunda,8/13/2024,1.1,Other,3000,3500,3500,,,,,
Gharaunda,8/14/2024,1.1,Other,2500,3500,3500,,,,,
Gharaunda,8/15/2024,0.7,Other,3000,3200,3200,,,,,
Gharaunda,8/16/2024,1,Other,3000,3500,3500,,,,,
Gharaunda,8/17/2024,1,Other,2800,3500,3500,,,,,
Gharaunda,8/19/2024,1.1,Other,3000,3500,3500,,,,,
Gharaunda,8/20/2024,0.8,Other,3000,3500,3500,,,,,
Gharaunda,8/21/2024,0.9,Other,2500,3500,3500,,,,,
Gharaunda,8/22/2024,0.6,Other,3000,3500,3500,,,,,
Gharaunda,8/23/2024,1.2,Other,3000,3000,3000,,,,,
Gharaunda,8/24/2024,0.8,Other,2800,3000,3000,,,,,
Gharaunda,8/26/2024,0.8,Other,2000,3000,3000,,,,,
Gharaunda,8/27/2024,0.8,Other,2400,2400,2400,,,,,
Gharaunda,8/28/2024,0.8,Other,2000,3000,3000,,,,,
Gharaunda,8/29/2024,0.8,Other,2000,2400,2400,,,,,
Gharaunda,8/30/2024,1.2,Other,2000,3000,3000,,,,,
Gharaunda,8/31/2024,1.2,Other,2000,3000,3000,,,,,
Gohana,8/1/2024,4,Tomato,4000,5500,5000,,,,,
Gohana,8/2/2024,3.7,Tomato,4000,5000,4500,,,,,
Gohana,8/3/2024,4.2,Tomato,3000,4000,3500,,,,,
Gohana,8/4/2024,8,Tomato,4000,5000,4500,,,,,
Gohana,8/5/2024,6.2,Tomato,3000,4500,3500,,,,,
Gohana,8/6/2024,4.5,Tomato,3000,4000,3500,,,,,
Gohana,8/7/2024,7.1,Tomato,3000,4000,3500,,,,,
Gohana,8/8/2024,5.4,Tomato,2500,3000,2800,,,,,
Gohana,8/12/2024,5.7,Tomato,3000,4000,3500,,,,,
Gohana,8/13/2024,4.5,Tomato,3000,4000,3500,,,,,
Gohana,8/14/2024,4.7,Tomato,3000,4000,3500,,,,,
Gohana,8/20/2024,5.3,Tomato,3000,4000,3500,,,,,
Gohana,8/21/2024,4.9,Tomato,3000,4000,3500,,,,,
Gohana,8/22/2024,5.4,Tomato,3000,4000,3500,,,,,
Gohana,8/23/2024,7,Tomato,3000,4000,3500,,,,,
Gohana,8/24/2024,5.4,Tomato,3000,4000,3500,,,,,
Gohana,8/26/2024,5.3,Tomato,3000,4000,3500,,,,,
Gohana,8/27/2024,5.2,Tomato,3000,4000,3500,,,,,
Gohana,8/28/2024,4.5,Tomato,3000,4000,3500,,,,,
Gohana,8/31/2024,4.6,Tomato,3000,4000,3500,,,,,
Gurgaon,8/1/2024,57.8,Other,2000,4000,3000,,,,,
Gurgaon,8/2/2024,45.8,Other,2000,4000,3000,,,,,
Gurgaon,8/3/2024,52.5,Other,2000,4000,3000,,,,,
Gurgaon,8/4/2024,45.6,Other,2000,3000,2500,,,,,
Gurgaon,8/5/2024,57.8,Other,2000,3000,2500,,,,,
Gurgaon,8/6/2024,45.2,Other,2000,3000,2500,,,,,
Gurgaon,8/7/2024,48.2,Other,2000,4000,3000,,,,,
Gurgaon,8/8/2024,52.7,Other,2000,3000,2500,,,,,
Gurgaon,8/9/2024,45.3,Other,2000,3000,2500,,,,,
Gurgaon,8/10/2024,56.1,Other,2000,3000,2500,,,,,
Gurgaon,8/11/2024,45.6,Other,2000,3000,2500,,,,,
Gurgaon,8/12/2024,53.8,Other,2000,2400,2200,,,,,
Gurgaon,8/13/2024,43.2,Other,2000,3000,2500,,,,,
Gurgaon,8/14/2024,56.7,Other,1500,2500,2000,,,,,
Gurgaon,8/15/2024,51.7,Other,1500,2500,2000,,,,,
Gurgaon,8/16/2024,47.2,Other,1500,2500,2000,,,,,
Gurgaon,8/17/2024,44.4,Other,1500,2500,2000,,,,,
Gurgaon,8/18/2024,42.8,Other,2000,3000,2500,,,,,
Gurgaon,8/19/2024,42.6,Other,1000,3000,2000,,,,,
Gurgaon,8/20/2024,42.7,Other,1500,2500,2000,,,,,
Gurgaon,8/21/2024,51.6,Other,1500,2500,2000,,,,,
Gurgaon,8/22/2024,45.5,Other,1500,2500,2000,,,,,
Gurgaon,8/23/2024,51.7,Other,2000,3000,2500,,,,,
Gurgaon,8/24/2024,51.6,Other,2000,3000,2500,,,,,
Gurgaon,8/26/2024,57.1,Other,2000,3000,2500,,,,,
Gurgaon,8/27/2024,45.9,Other,1500,2500,2000,,,,,
Gurgaon,8/28/2024,46.7,Other,1500,2500,2000,,,,,
Gurgaon,8/29/2024,78.6,Other,1500,2500,2000,,,,,
Gurgaon,8/30/2024,56.2,Other,2000,3000,2500,,,,,
Gurgaon,8/31/2024,68.1,Other,2000,3000,2500,,,,,
Hansi,8/1/2024,9.6,Other,5000,5500,5300,,,,,
Hansi,8/2/2024,7.9,Other,5000,5000,5000,,,,,
Hansi,8/3/2024,10.2,Other,5000,5000,5000,,,,,
Hansi,8/4/2024,5.4,Other,5000,5000,5000,,,,,
Hansi,8/5/2024,7.4,Other,5000,5000,5000,,,,,
Hansi,8/6/2024,7.8,Other,4000,5000,4500,,,,,
Hansi,8/7/2024,11.5,Other,3000,3500,3300,,,,,
Hansi,8/8/2024,7.9,Other,3000,3500,3300,,,,,
Hansi,8/9/2024,9.7,Other,3000,3500,3300,,,,,
Hansi,8/10/2024,8.6,Other,3000,3500,3300,,,,,
Hansi,8/11/2024,8.9,Other,4000,4000,4000,,,,,
Hansi,8/12/2024,7.6,Other,4000,4000,4000,,,,,
Hansi,8/13/2024,7.5,Other,3000,3500,3300,,,,,
Hansi,8/14/2024,6.6,Other,3000,3500,3300,,,,,
Hansi,8/15/2024,7.6,Other,3000,3500,3300,,,,,
Hansi,8/16/2024,6.6,Other,3000,3500,3300,,,,,
Hansi,8/17/2024,10.3,Other,3000,3500,3300,,,,,
Hansi,8/18/2024,13.9,Other,3000,3500,3300,,,,,
Hansi,8/19/2024,14.3,Other,3000,3500,3300,,,,,
Hansi,8/20/2024,6.2,Other,3000,3500,3300,,,,,
Hansi,8/21/2024,10.9,Other,3000,3500,3300,,,,,
Hansi,8/22/2024,12.3,Other,3000,3500,3300,,,,,
Hansi,8/23/2024,9.7,Other,3000,3500,3300,,,,,
Hansi,8/24/2024,8.4,Other,3000,3000,3000,,,,,
Hansi,8/25/2024,7.5,Other,3000,3000,3000,,,,,
Hansi,8/26/2024,8.6,Other,2500,3000,2800,,,,,
Hansi,8/27/2024,8,Other,2500,3000,2800,,,,,
Hansi,8/28/2024,11.1,Other,2500,2500,2500,,,,,
Hansi,8/29/2024,13.7,Other,2500,2500,2500,,,,,
Hansi,8/30/2024,12.9,Other,2500,2500,2500,,,,,
Hissar,8/1/2024,12.6,Other,3500,4000,4000,,,,,
Hissar,8/2/2024,13.7,Other,3500,4000,4000,,,,,
Hissar,8/3/2024,12,Other,2000,3500,3000,,,,,
Hissar,8/4/2024,11.8,Other,2500,3500,3200,,,,,
Hissar,8/5/2024,17.8,Other,2000,3500,2800,,,,,
Hissar,8/6/2024,6.9,Other,3000,3500,3200,,,,,
Hissar,8/7/2024,12,Other,2500,3500,3000,,,,,
Hissar,8/8/2024,13.6,Other,2500,3000,2800,,,,,
Hissar,8/9/2024,10.1,Other,2200,3000,2800,,,,,
Hissar,8/10/2024,12.1,Other,2500,3500,3000,,,,,
Hissar,8/11/2024,4.8,Other,2600,3000,3000,,,,,
Hissar,8/12/2024,12.9,Other,2200,3200,2800,,,,,
Hissar,8/13/2024,12.9,Other,2300,3000,2800,,,,,
Hissar,8/14/2024,8.9,Other,2500,3000,3000,,,,,
Hissar,8/15/2024,13.9,Other,2200,2800,2600,,,,,
Hissar,8/16/2024,12.9,Other,2000,2500,2500,,,,,
Hissar,8/17/2024,13.9,Other,2000,2800,2500,,,,,
Hissar,8/18/2024,17.4,Other,1500,2500,2200,,,,,
Hissar,8/19/2024,11.7,Other,1500,2500,2200,,,,,
Hissar,8/20/2024,10.8,Other,2000,2500,2500,,,,,
Hissar,8/21/2024,17.4,Other,2000,2800,2500,,,,,
Hissar,8/22/2024,18.9,Other,2000,2500,2500,,,,,
Hissar,8/23/2024,16.3,Other,2000,2400,2400,,,,,
Hissar,8/24/2024,10.9,Other,1800,2000,2000,,,,,
Hissar,8/25/2024,11.3,Other,1800,2000,2000,,,,,
Hissar,8/26/2024,7.8,Other,1800,2000,2000,,,,,
Hissar,8/27/2024,10.5,Other,1500,1800,1800,,,,,
Hissar,8/28/2024,7.2,Other,1500,3000,2500,,,,,
Hissar,8/29/2024,15.2,Other,1800,2500,2200,,,,,
Hissar,8/30/2024,21.4,Other,1500,2200,2000,,,,,
Hodal,8/1/2024,0.6,Hybrid,3000,4000,3500,,,,,
Hodal,8/2/2024,0.8,Deshi,3000,5000,4000,,,,,
Hodal,8/5/2024,1,Deshi,3000,5000,4000,,,,,
Hodal,8/6/2024,2.5,Hybrid,4000,5000,4500,,,,,
Hodal,8/7/2024,2.5,Hybrid,3000,4000,3500,,,,,
Hodal,8/8/2024,2.5,Hybrid,3000,5000,4000,,,,,
Hodal,8/10/2024,0.1,Hybrid,2500,3200,3000,,,,,
Hodal,8/12/2024,8,Hybrid,1800,2000,1900,,,,,
Hodal,8/13/2024,0.6,Deshi,3000,4000,3500,,,,,
Indri,8/1/2024,0.35,Other,3500,4500,4000,,,,,
Indri,8/2/2024,0.2,Other,3000,4000,4000,,,,,
Indri,8/3/2024,0.2,Other,3000,4000,4000,,,,,
Indri,8/5/2024,0.45,Other,3500,4500,3800,,,,,
Indri,8/6/2024,0.62,Other,3000,4500,4000,,,,,
Indri,8/8/2024,0.6,Other,2000,4000,3000,,,,,
Indri,8/9/2024,0.6,Other,2000,3000,3000,,,,,
Indri,8/12/2024,0.65,Other,1800,3000,3000,,,,,
Indri,8/13/2024,0.5,Other,3000,4000,4000,,,,,
Indri,8/14/2024,0.3,Other,3000,4500,4000,,,,,
Indri,8/15/2024,0.4,Other,3000,4000,4000,,,,,
Indri,8/16/2024,0.3,Other,3500,4500,4000,,,,,
Indri,8/17/2024,0.8,Other,3000,4000,3500,,,,,
Indri,8/20/2024,0.5,Other,2500,4000,3000,,,,,
Indri,8/21/2024,0.85,Other,2500,4000,3500,,,,,
Indri,8/23/2024,0.8,Other,2500,4000,3500,,,,,
Indri,8/24/2024,0.55,Other,2500,4000,3500,,,,,
Indri,8/26/2024,1.95,Other,2000,3000,3000,,,,,
Indri,8/27/2024,1.15,Other,2500,3000,3000,,,,,
Indri,8/28/2024,0.8,Other,2000,3000,2500,,,,,
Indri,8/29/2024,0.7,Other,2000,3500,3000,,,,,
Indri,8/30/2024,0.4,Other,2000,3000,3000,,,,,
Indri,8/31/2024,0.7,Other,2000,3000,2000,,,,,
Jagadhri,8/1/2024,1.5,Other,2500,3800,3250,,,,,
Jagadhri,8/2/2024,2.5,Other,2000,4000,3000,,,,,
Jagadhri,8/3/2024,2.65,Other,1600,3500,2650,,,,,
Jagadhri,8/5/2024,3,Other,1500,3500,2500,,,,,
Jagadhri,8/6/2024,1.9,Other,1500,2000,1750,,,,,
Jagadhri,8/7/2024,1.8,Other,1500,2800,2250,,,,,
Jagadhri,8/8/2024,1.85,Other,1500,2800,2250,,,,,
Jagadhri,8/9/2024,2.15,Other,1600,2200,1900,,,,,
Jagadhri,8/12/2024,2.2,Other,1600,2500,2250,,,,,
Jagadhri,8/13/2024,2,Other,1500,2500,2000,,,,,
Jagadhri,8/14/2024,1.64,Other,2000,2500,2250,,,,,
Jagadhri,8/17/2024,2,Other,2000,3000,2500,,,,,
Jagadhri,8/19/2024,2.5,Other,2000,3000,2500,,,,,
Jagadhri,8/20/2024,2,Other,1500,3000,2250,,,,,
Jagadhri,8/21/2024,1.92,Other,1500,2500,2000,,,,,
Jagadhri,8/22/2024,2.24,Other,1500,2500,2000,,,,,
Jagadhri,8/23/2024,1.8,Other,1000,1500,1250,,,,,
Jagadhri,8/24/2024,2,Other,1000,1400,1250,,,,,
Jagadhri,8/26/2024,1.7,Other,1200,2000,1600,,,,,
Jagadhri,8/27/2024,1.8,Other,1200,2500,1850,,,,,
Jagadhri,8/28/2024,1.95,Other,1300,2000,1650,,,,,
Jagadhri,8/30/2024,1.87,Other,1400,2000,1700,,,,,
Jagadhri,8/31/2024,2.4,Other,1400,2500,2200,,,,,
Jakhal,8/1/2024,0.1,Other,5000,5000,5000,,,,,
Jakhal,8/2/2024,0.1,Other,5000,5000,5000,,,,,
Jakhal,8/3/2024,0.1,Other,5500,5500,5500,,,,,
Jakhal,8/5/2024,0.1,Other,4000,4000,4000,,,,,
Jakhal,8/6/2024,0.1,Other,3500,3500,3500,,,,,
Jakhal,8/7/2024,0.2,Other,4000,4000,4000,,,,,
Jakhal,8/9/2024,0.1,Other,3800,3800,3800,,,,,
Jakhal,8/10/2024,0.3,Other,3000,3000,3000,,,,,
Jakhal,8/11/2024,0.2,Other,3200,3200,3200,,,,,
Jakhal,8/12/2024,0.2,Other,3600,3600,3600,,,,,
Jakhal,8/13/2024,0.2,Other,3300,3300,3300,,,,,
Jakhal,8/14/2024,0.2,Other,3500,3500,3500,,,,,
Jakhal,8/16/2024,0.2,Other,4000,4000,4000,,,,,
Jakhal,8/17/2024,0.2,Other,4000,4000,4000,,,,,
Jakhal,8/19/2024,0.2,Other,3400,3400,3400,,,,,
Jakhal,8/20/2024,0.3,Other,3500,3600,3600,,,,,
Jakhal,8/21/2024,0.1,Other,3500,3500,3500,,,,,
Jakhal,8/22/2024,0.3,Other,3500,3500,3500,,,,,
Jakhal,8/23/2024,0.1,Other,2500,2500,2500,,,,,
Jakhal,8/24/2024,0.2,Other,3000,3000,3000,,,,,
Jakhal,8/26/2024,0.3,Other,3000,3000,3000,,,,,
Jakhal,8/27/2024,0.4,Other,2500,2500,2500,,,,,
Jakhal,8/28/2024,0.2,Other,2500,2500,2500,,,,,
Jakhal,8/29/2024,0.3,Other,2500,2500,2500,,,,,
Jakhal,8/30/2024,0.5,Other,2000,2000,2000,,,,,
Jakhal,8/31/2024,0.1,Other,2000,2000,2000,,,,,
Jhajjar,8/1/2024,2.7,Other,5500,6500,6000,,,,,
Jhajjar,8/2/2024,2.2,Other,5500,6500,6000,,,,,
Jhajjar,8/3/2024,2.6,Other,5500,6500,6000,,,,,
Jhajjar,8/4/2024,1.8,Other,3200,3900,3500,,,,,
Jhajjar,8/5/2024,1.3,Other,3200,3800,3500,,,,,
Jhajjar,8/6/2024,1.5,Other,4500,5500,5000,,,,,
Jhajjar,8/7/2024,1.5,Other,4500,5500,5000,,,,,
Jhajjar,8/8/2024,2.9,Other,4800,5400,5000,,,,,
Jhajjar,8/9/2024,4.8,Other,2400,2600,2500,,,,,
Jhajjar,8/10/2024,1.8,Other,3300,3800,3500,,,,,
Jhajjar,8/11/2024,1.5,Other,3500,3800,3500,,,,,
Jhajjar,8/12/2024,2.2,Other,3300,3800,3500,,,,,
Jhajjar,8/13/2024,1.7,Other,3800,4200,4000,,,,,
Jhajjar,8/14/2024,1.6,Other,3300,3800,3500,,,,,
Jhajjar,8/15/2024,1.7,Other,4200,4800,4500,,,,,
Jhajjar,8/16/2024,1.3,Other,4200,4800,4500,,,,,
Jhajjar,8/17/2024,3.8,Other,3800,4300,4000,,,,,
Jhajjar,8/19/2024,2,Other,3700,4200,4000,,,,,
Jhajjar,8/20/2024,2.3,Other,3800,4200,4000,,,,,
Jhajjar,8/21/2024,3.2,Other,3500,4000,3800,,,,,
Jhajjar,8/22/2024,2.9,Other,3800,4200,4000,,,,,
Jhajjar,8/23/2024,3.5,Other,3200,3700,3500,,,,,
Jhajjar,8/26/2024,1.6,Other,2800,3200,3000,,,,,
Jhajjar,8/27/2024,2.5,Other,3200,3800,3500,,,,,
Jhajjar,8/29/2024,1.8,Other,3200,3800,3500,,,,,
Jhajjar,8/30/2024,1.4,Other,3200,3800,3500,,,,,
Jhajjar,8/31/2024,3.2,Other,3200,3800,3500,,,,,
Jind,8/2/2024,4.1,Other,3500,5000,4500,,,,,
Jind,8/3/2024,5.2,Other,3500,5000,4500,,,,,
Jind,8/4/2024,4.4,Other,1500,4000,3500,,,,,
Jind,8/5/2024,6,Other,2000,5000,4500,,,,,
Jind,8/7/2024,5.7,Other,3500,5000,5000,,,,,
Jind,8/8/2024,4.5,Other,3000,5000,4500,,,,,
Jind,8/9/2024,6.7,Other,2200,4700,4000,,,,,
Jind,8/10/2024,4.1,Other,3000,4500,4500,,,,,
Jind,8/11/2024,6,Other,3000,5000,4500,,,,,
Jind,8/12/2024,4.2,Other,3000,4500,4000,,,,,
Jind,8/13/2024,5.9,Other,3000,4200,4000,,,,,
Jind,8/16/2024,4.6,Other,2000,4500,4000,,,,,
Jind,8/19/2024,4.6,Other,2000,4400,4000,,,,,
Jind,8/20/2024,6.4,Other,2000,4000,3500,,,,,
Jind,8/23/2024,9.5,Other,2000,3800,3500,,,,,
Jind,8/24/2024,9.6,Other,2000,4000,3500,,,,,
Jind,8/25/2024,6.2,Other,2300,3000,2600,,,,,
Jind,8/26/2024,6.8,Other,2200,3500,3200,,,,,
Jind,8/28/2024,7.5,Other,2000,3400,3400,,,,,
kalanwali,8/2/2024,0.3,Other,2000,2000,2000,,,,,
kalanwali,8/5/2024,0.1,Other,4000,4000,4000,,,,,
kalanwali,8/13/2024,0.2,Other,3000,3000,3000,,,,,
kalanwali,8/14/2024,0.2,Other,2500,2500,2500,,,,,
kalanwali,8/15/2024,0.2,Other,1500,2000,2000,,,,,
kalanwali,8/16/2024,0.2,Other,3000,3000,3000,,,,,
kalanwali,8/19/2024,0.2,Other,2500,2500,2500,,,,,
kalanwali,8/20/2024,0.2,Other,2500,2500,2500,,,,,
kalanwali,8/29/2024,0.4,Other,2500,2500,2500,,,,,
Kosli,8/20/2024,0.1,Other,1500,1500,1500,,,,,
Kosli,8/22/2024,0.1,Other,2000,2000,2000,,,,,
Kosli,8/28/2024,0.2,Other,2000,2000,2000,,,,,
Kosli,8/29/2024,0.1,Other,1500,1500,1500,,,,,
Kosli,8/30/2024,0.3,Other,3000,3000,3000,,,,,
Ladwa,8/1/2024,0.6,Tomato,2500,3000,2800,,,,,
Ladwa,8/2/2024,0.9,Tomato,1800,3000,2500,,,,,
Ladwa,8/3/2024,0.8,Tomato,1800,3000,2500,,,,,
Ladwa,8/4/2024,1,Tomato,2000,2500,2200,,,,,
Ladwa,8/5/2024,0.9,Tomato,2800,3000,2900,,,,,
Ladwa,8/6/2024,0.75,Tomato,2500,3700,3200,,,,,
Ladwa,8/7/2024,0.7,Tomato,2500,3500,3000,,,,,
Ladwa,8/8/2024,0.9,Tomato,2500,3000,2800,,,,,
Ladwa,8/9/2024,1,Tomato,2500,3000,2800,,,,,
Ladwa,8/10/2024,1.4,Tomato,2000,2500,2300,,,,,
Ladwa,8/11/2024,1.2,Tomato,2200,3000,2600,,,,,
Ladwa,8/12/2024,1.4,Tomato,1600,2800,2100,,,,,
Ladwa,8/13/2024,1.5,Tomato,2500,3000,2800,,,,,
Ladwa,8/14/2024,1.4,Tomato,2300,2500,2400,,,,,
Ladwa,8/15/2024,0.8,Tomato,2000,3000,2500,,,,,
Ladwa,8/16/2024,1.8,Tomato,2500,3000,2800,,,,,
Ladwa,8/17/2024,1.8,Tomato,2000,2500,2200,,,,,
Ladwa,8/18/2024,1.9,Tomato,2000,2500,2300,,,,,
Ladwa,8/19/2024,1.7,Tomato,2200,2600,2400,,,,,
Ladwa,8/20/2024,1.5,Tomato,2000,2500,2200,,,,,
Ladwa,8/21/2024,1.8,Tomato,2500,3000,2800,,,,,
Ladwa,8/22/2024,2.2,Tomato,2500,3000,2800,,,,,
Ladwa,8/23/2024,1.7,Tomato,2200,3000,2800,,,,,
Ladwa,8/24/2024,2.1,Tomato,2000,3000,2500,,,,,
Ladwa,8/26/2024,2.3,Tomato,2000,3000,2500,,,,,
Ladwa,8/27/2024,1.8,Tomato,2200,3000,2600,,,,,
Ladwa,8/28/2024,2,Tomato,2500,3000,2800,,,,,
Ladwa,8/29/2024,1.5,Tomato,1800,2400,2100,,,,,
Ladwa,8/30/2024,1.9,Tomato,1800,2000,1900,,,,,
Ladwa,8/31/2024,1.7,Tomato,2000,2500,2200,,,,,
Loharu,8/1/2024,0.2,Other,3500,3500,3500,,,,,
Loharu,8/2/2024,0.6,Other,4000,4500,4500,,,,,
Loharu,8/5/2024,0.7,Other,3000,3000,3000,,,,,
Loharu,8/10/2024,0.2,Other,3000,3000,3000,,,,,
Loharu,8/12/2024,0.6,Other,3500,3500,3500,,,,,
Loharu,8/15/2024,1.5,Other,2400,2400,2400,,,,,
Loharu,8/16/2024,0.8,Other,4000,4000,4000,,,,,
Loharu,8/18/2024,0.2,Other,3500,3500,3500,,,,,
Loharu,8/20/2024,0.6,Other,3500,3500,3500,,,,,
Loharu,8/21/2024,0.2,Other,4500,4500,4500,,,,,
Loharu,8/23/2024,1.5,Other,2000,2000,2000,,,,,
Loharu,8/24/2024,0.5,Other,4500,4500,4500,,,,,
Loharu,8/25/2024,0.4,Other,4200,4200,4200,,,,,
Loharu,8/27/2024,0.2,Other,2800,2800,2800,,,,,
Loharu,8/28/2024,0.6,Other,2500,3000,3000,,,,,
Loharu,8/30/2024,0.6,Other,2400,2500,2500,,,,,
Madlauda,8/1/2024,0.5,Other,4000,5000,4500,,,,,
Madlauda,8/2/2024,0.45,Other,3000,3500,3250,,,,,
Madlauda,8/3/2024,0.4,Other,3200,3500,3200,,,,,
Madlauda,8/4/2024,0.3,Other,2500,2500,2500,,,,,
Madlauda,8/5/2024,0.3,Other,3000,3500,3250,,,,,
Madlauda,8/6/2024,0.45,Other,2500,2500,2500,,,,,
Madlauda,8/7/2024,0.45,Other,3000,3000,3000,,,,,
Madlauda,8/9/2024,0.5,Other,3000,3000,3000,,,,,
Madlauda,8/10/2024,0.6,Other,2500,2500,2500,,,,,
Madlauda,8/11/2024,0.35,Other,3000,3000,3000,,,,,
Madlauda,8/12/2024,0.45,Other,2800,3200,3000,,,,,
Madlauda,8/13/2024,0.55,Other,3000,3000,3000,,,,,
Madlauda,8/15/2024,0.35,Other,3000,3000,3000,,,,,
Madlauda,8/16/2024,0.7,Other,3000,3500,3250,,,,,
Madlauda,8/17/2024,0.35,Other,3500,3500,3500,,,,,
Madlauda,8/19/2024,0.6,Other,3000,3200,3000,,,,,
Madlauda,8/20/2024,0.5,Other,3000,3200,3100,,,,,
Madlauda,8/21/2024,0.35,Other,2500,3200,2850,,,,,
Madlauda,8/22/2024,0.6,Other,2500,2700,2600,,,,,
Madlauda,8/23/2024,0.5,Other,2700,3000,2850,,,,,
Madlauda,8/24/2024,0.45,Other,2500,2500,2500,,,,,
Madlauda,8/25/2024,0.25,Other,3000,3000,3000,,,,,
Madlauda,8/26/2024,0.3,Other,3000,3000,3000,,,,,
Madlauda,8/27/2024,0.2,Other,3000,3000,3000,,,,,
Madlauda,8/28/2024,0.4,Other,2500,3000,2750,,,,,
Madlauda,8/29/2024,0.3,Other,2500,3000,2750,,,,,
Madlauda,8/30/2024,0.2,Other,2500,3500,3000,,,,,
Madlauda,8/31/2024,0.15,Other,3000,3000,3000,,,,,
Meham,8/2/2024,0.2,Deshi,3500,3500,3500,,,,,
Meham,8/5/2024,0.7,Deshi,2000,3000,2500,,,,,
Meham,8/6/2024,0.4,Deshi,2000,3000,2500,,,,,
Meham,8/7/2024,0.6,Deshi,2000,2500,2300,,,,,
Meham,8/8/2024,0.6,Deshi,2500,2500,2500,,,,,
Meham,8/9/2024,0.3,Deshi,3000,3000,3000,,,,,
Meham,8/10/2024,0.5,Deshi,2000,3000,2500,,,,,
Meham,8/12/2024,0.4,Deshi,3000,4000,3500,,,,,
Meham,8/13/2024,0.3,Deshi,3000,3000,3000,,,,,
Meham,8/15/2024,0.7,Deshi,3000,3000,3000,,,,,
Meham,8/16/2024,0.5,Deshi,2500,3500,3000,,,,,
Meham,8/17/2024,0.8,Deshi,3000,3000,3000,,,,,
Meham,8/19/2024,0.3,Deshi,3000,3000,3000,,,,,
Meham,8/20/2024,0.4,Deshi,3000,3000,3000,,,,,
Meham,8/21/2024,0.9,Deshi,3000,3000,3000,,,,,
Meham,8/22/2024,0.6,Deshi,3000,3500,3200,,,,,
Meham,8/23/2024,0.8,Deshi,2500,3000,2800,,,,,
Meham,8/24/2024,0.9,Deshi,3000,3000,3000,,,,,
Meham,8/26/2024,0.6,Deshi,3000,3000,3000,,,,,
Meham,8/27/2024,0.4,Deshi,3000,3000,3000,,,,,
Meham,8/28/2024,0.7,Deshi,2000,2500,2300,,,,,
Meham,8/29/2024,0.8,Deshi,2000,2500,2200,,,,,
Meham,8/30/2024,0.3,Deshi,2500,2500,2500,,,,,
Meham,8/31/2024,0.3,Deshi,2500,2500,2500,,,,,
Mohindergarh,8/2/2024,1.77,Tomato,3000,3500,3000,,,,,
Mohindergarh,8/3/2024,3.65,Tomato,2500,4000,3000,,,,,
Mohindergarh,8/5/2024,5.7,Tomato,3000,4000,3500,,,,,
Mohindergarh,8/7/2024,2.7,Tomato,3000,4000,3500,,,,,
Mohindergarh,8/8/2024,3.68,Tomato,2000,3500,3000,,,,,
Mohindergarh,8/9/2024,1.5,Tomato,2500,3000,3000,,,,,
Mohindergarh,8/12/2024,4,Tomato,2000,3500,3000,,,,,
Mohindergarh,8/14/2024,3.4,Tomato,2000,3000,3000,,,,,
Mohindergarh,8/20/2024,2.85,Tomato,2000,3000,3000,,,,,
Mohindergarh,8/21/2024,3.05,Tomato,2000,3000,3000,,,,,
Mohindergarh,8/22/2024,4.7,Tomato,2000,3000,2500,,,,,
Mohindergarh,8/23/2024,2.4,Tomato,2500,3000,3000,,,,,
Mohindergarh,8/24/2024,5.15,Tomato,2000,2500,2200,,,,,
Mohindergarh,8/27/2024,1.15,Tomato,3000,3000,3000,,,,,
Mohindergarh,8/28/2024,3.4,Tomato,2500,2500,2500,,,,,
Mohindergarh,8/29/2024,6.9,Tomato,2000,2500,2500,,,,,
Mohindergarh,8/30/2024,5.5,Tomato,1500,2000,2000,,,,,
Mohindergarh,8/31/2024,3.6,Tomato,2000,3000,2000,,,,,
Mustafabad,8/1/2024,0.04,Other,5200,5500,5200,,,,,
Mustafabad,8/2/2024,0.04,Other,5200,5500,5200,,,,,
Mustafabad,8/3/2024,0.04,Other,5200,6000,5500,,,,,
Mustafabad,8/4/2024,0.07,Other,3600,4000,3800,,,,,
Mustafabad,8/5/2024,0.08,Other,3500,4000,3600,,,,,
Mustafabad,8/6/2024,0.07,Other,3500,4000,3600,,,,,
Mustafabad,8/7/2024,0.07,Other,3500,4000,4000,,,,,
Mustafabad,8/8/2024,0.07,Other,3500,4000,3600,,,,,
Mustafabad,8/9/2024,0.08,Other,3500,4000,3600,,,,,
Mustafabad,8/10/2024,0.08,Other,3500,4000,3800,,,,,
Mustafabad,8/11/2024,0.08,Other,3500,4000,3600,,,,,
Mustafabad,8/12/2024,0.08,Other,3600,4000,3800,,,,,
Mustafabad,8/13/2024,0.06,Other,3500,4500,3600,,,,,
Mustafabad,8/14/2024,0.07,Other,3500,4000,3800,,,,,
Mustafabad,8/15/2024,0.06,Other,3500,4000,3600,,,,,
Mustafabad,8/16/2024,0.07,Other,3500,4000,3800,,,,,
Mustafabad,8/17/2024,0.08,Other,3600,4000,3800,,,,,
Mustafabad,8/19/2024,0.08,Other,3600,4000,3800,,,,,
Mustafabad,8/20/2024,0.06,Other,3600,4000,3600,,,,,
Mustafabad,8/21/2024,0.06,Other,3600,3800,3600,,,,,
Mustafabad,8/22/2024,0.04,Other,3600,4000,3800,,,,,
Mustafabad,8/23/2024,0.08,Other,3600,3800,3600,,,,,
Mustafabad,8/24/2024,0.05,Other,3600,4000,3800,,,,,
Mustafabad,8/28/2024,0.12,Other,2500,3000,2600,,,,,
Mustafabad,8/29/2024,0.12,Other,2600,3000,2600,,,,,
Mustafabad,8/30/2024,0.11,Other,2600,3000,2800,,,,,
Naraingarh,8/1/2024,1.09,Tomato,1000,4000,2200,,,,,
Naraingarh,8/2/2024,3.38,Tomato,1200,3500,2500,,,,,
Naraingarh,8/3/2024,4.42,Tomato,1300,3000,2400,,,,,
Naraingarh,8/5/2024,3.06,Tomato,1500,3000,2000,,,,,
Naraingarh,8/6/2024,3.36,Tomato,800,3000,2000,,,,,
Naraingarh,8/7/2024,2.54,Tomato,1500,3500,2500,,,,,
Naraingarh,8/8/2024,4.17,Tomato,1200,3000,2000,,,,,
Naraingarh,8/9/2024,2.52,Tomato,1000,3000,2000,,,,,
Naraingarh,8/10/2024,3.26,Tomato,1000,3000,2000,,,,,
Naraingarh,8/12/2024,3.33,Tomato,1200,3000,2000,,,,,
Naraingarh,8/13/2024,2.06,Tomato,1600,2500,2000,,,,,
Naraingarh,8/14/2024,2.43,Tomato,1550,3000,2000,,,,,
Naraingarh,8/15/2024,1.82,Tomato,2000,3500,2500,,,,,
Naraingarh,8/16/2024,2.48,Tomato,1800,3000,2200,,,,,
Naraingarh,8/17/2024,3.12,Tomato,1600,3500,2200,,,,,
Naraingarh,8/19/2024,4.65,Tomato,1000,3000,2000,,,,,
Naraingarh,8/20/2024,6.42,Tomato,500,2500,2000,,,,,
Naraingarh,8/21/2024,3.24,Tomato,1000,3000,2000,,,,,
Naraingarh,8/22/2024,4.13,Tomato,900,3000,1500,,,,,
Naraingarh,8/23/2024,3.77,Tomato,800,2200,1500,,,,,
Naraingarh,8/24/2024,3.32,Tomato,1000,2200,1500,,,,,
Naraingarh,8/26/2024,3.9,Tomato,1000,3000,1500,,,,,
Naraingarh,8/27/2024,2.91,Tomato,1000,2800,2000,,,,,
Naraingarh,8/28/2024,3.45,Tomato,1000,3000,1800,,,,,
Naraingarh,8/29/2024,2.15,Tomato,1000,2500,1500,,,,,
Naraingarh,8/30/2024,2.87,Tomato,1000,2500,1600,,,,,
Naraingarh,8/31/2024,2.61,Tomato,1000,2200,1850,,,,,
Narnaul,8/1/2024,1.8,Other,3000,4000,3500,,,,,
Narnaul,8/2/2024,2.2,Other,3000,4000,3500,,,,,
Narnaul,8/3/2024,1.7,Other,3000,4000,4000,,,,,
Narnaul,8/4/2024,3.9,Other,2000,3500,2200,,,,,
Narnaul,8/5/2024,2.8,Other,3000,4000,3500,,,,,
Narnaul,8/6/2024,4.3,Other,3000,4000,3500,,,,,
Narnaul,8/7/2024,2.7,Other,3000,4000,4000,,,,,
Narnaul,8/8/2024,3.4,Other,3000,4000,3500,,,,,
Narnaul,8/9/2024,4.6,Other,2500,4000,3500,,,,,
Narnaul,8/10/2024,3.6,Other,2500,4000,3500,,,,,
Narnaul,8/11/2024,2.3,Other,3000,3500,3500,,,,,
Narnaul,8/12/2024,2.3,Other,3000,3500,3500,,,,,
Narnaul,8/13/2024,4,Other,2500,3500,3000,,,,,
Narnaul,8/14/2024,3.5,Other,3000,3500,3500,,,,,
Narnaul,8/15/2024,3.1,Other,2500,3500,3000,,,,,
Narnaul,8/16/2024,3.6,Other,2500,3500,3000,,,,,
Narnaul,8/17/2024,4,Other,3000,3500,3200,,,,,
Narnaul,8/18/2024,3.9,Other,2500,3500,3200,,,,,
Narnaul,8/20/2024,4.4,Other,3000,3500,3500,,,,,
Narnaul,8/21/2024,3,Other,2500,3500,3000,,,,,
Narnaul,8/22/2024,4.9,Other,2500,4000,3500,,,,,
Narnaul,8/23/2024,3.1,Other,2000,3500,3000,,,,,
Narnaul,8/24/2024,4.7,Other,2500,3500,3000,,,,,
Narnaul,8/25/2024,3.5,Other,2500,3500,3000,,,,,
Narnaul,8/26/2024,3,Other,2500,3000,3000,,,,,
Narnaul,8/27/2024,2.5,Other,2500,3000,2800,,,,,
Narnaul,8/28/2024,3.5,Other,2500,3000,3000,,,,,
Narnaul,8/29/2024,3.4,Other,2500,3000,3000,,,,,
Narnaul,8/30/2024,4.9,Other,2000,3000,2500,,,,,
Narnaul,8/31/2024,2.2,Other,2000,2500,2500,,,,,
Narwana,8/1/2024,0.8,Other,4000,5000,4500,,,,,
Narwana,8/2/2024,1.7,Other,4000,5000,4500,,,,,
Narwana,8/3/2024,0.8,Other,4000,4000,4000,,,,,
Narwana,8/4/2024,0.7,Other,4000,5000,4500,,,,,
Narwana,8/5/2024,0.5,Other,4000,5000,4500,,,,,
Narwana,8/6/2024,0.5,Other,4000,4500,4500,,,,,
Narwana,8/7/2024,0.8,Other,2000,2500,2250,,,,,
Narwana,8/8/2024,0.8,Other,3000,3500,3250,,,,,
Narwana,8/10/2024,2.3,Other,2000,3500,3000,,,,,
Narwana,8/11/2024,1,Other,3000,3000,3000,,,,,
Narwana,8/12/2024,2,Other,3000,3500,3250,,,,,
Narwana,8/13/2024,1.2,Other,3500,3500,3500,,,,,
Narwana,8/14/2024,0.8,Other,3000,3500,3250,,,,,
Narwana,8/15/2024,1.6,Other,3500,3500,3500,,,,,
Narwana,8/16/2024,1.2,Other,3500,3500,3500,,,,,
Narwana,8/17/2024,0.8,Other,3000,3000,3000,,,,,
Narwana,8/19/2024,1,Other,3500,4000,3750,,,,,
Narwana,8/20/2024,1.8,Other,3000,3000,3000,,,,,
Narwana,8/21/2024,1.3,Other,3000,3500,3250,,,,,
Narwana,8/22/2024,1.5,Other,3000,3500,3500,,,,,
Narwana,8/23/2024,0.9,Other,2500,3000,3000,,,,,
Narwana,8/24/2024,1.6,Other,2500,3000,3000,,,,,
Narwana,8/26/2024,1.2,Other,2500,3000,2750,,,,,
Narwana,8/27/2024,1.4,Other,2500,3000,3000,,,,,
Narwana,8/28/2024,0.7,Other,2500,2500,2500,,,,,
Narwana,8/29/2024,1.5,Other,2500,3000,2750,,,,,
Narwana,8/30/2024,0.7,Other,2500,3000,2750,,,,,
"New Grain Market , Faridabad",8/1/2024,12.6,Deshi,2500,3500,3000,,,,,
"New Grain Market , Faridabad",8/2/2024,29,Deshi,2500,3500,3000,,,,,
"New Grain Market , Faridabad",8/3/2024,33,Deshi,2000,3600,2800,,,,,
"New Grain Market , Faridabad",8/4/2024,32,Deshi,2500,4000,3250,,,,,
"New Grain Market , Faridabad",8/5/2024,21.5,Deshi,2500,4200,3350,,,,,
"New Grain Market , Faridabad",8/8/2024,39,Deshi,2000,3500,2750,,,,,
"New Grain Market , Faridabad",8/9/2024,40,Deshi,2000,3500,2650,,,,,
"New Grain Market , Faridabad",8/10/2024,29,Deshi,2500,3500,3000,,,,,
"New Grain Market , Faridabad",8/11/2024,34,Deshi,2000,3300,2650,,,,,
"New Grain Market , Faridabad",8/12/2024,30,Deshi,2000,3500,2750,,,,,
"New Grain Market , Panchkula",8/5/2024,1,Other,2500,3500,3000,,,,,
"New Grain Market , Panchkula",8/7/2024,1,Other,3000,4000,3500,,,,,
"New Grain Market , Panchkula",8/12/2024,1,Other,2500,3500,3000,,,,,
"New Grain Market(main), Karnal",8/1/2024,10,Other,2000,4000,3000,,,,,
"New Grain Market(main), Karnal",8/3/2024,35.1,Other,1600,4000,2800,,,,,
"New Grain Market(main), Karnal",8/4/2024,22.1,Other,1200,3200,2200,,,,,
"New Grain Market(main), Karnal",8/5/2024,27.9,Other,800,2000,1400,,,,,
"New Grain Market(main), Karnal",8/6/2024,11.2,Other,1500,2800,2150,,,,,
"New Grain Market(main), Karnal",8/7/2024,10.5,Other,1800,4000,2900,,,,,
"New Grain Market(main), Karnal",8/10/2024,22.2,Other,1800,3000,2400,,,,,
"New Grain Market(main), Karnal",8/11/2024,17.2,Other,1800,3000,2400,,,,,
"New Grain Market(main), Karnal",8/12/2024,12.9,Other,1800,3500,2650,,,,,
"New Grain Market(main), Karnal",8/17/2024,25,Other,1600,3500,2550,,,,,
"New Grain Market(main), Karnal",8/18/2024,28.5,Other,1600,3500,2600,,,,,
"New Grain Market(main), Karnal",8/19/2024,29,Other,1200,3500,2450,,,,,
"New Grain Market(main), Karnal",8/20/2024,19.9,Other,1200,3500,2450,,,,,
"New Grain Market(main), Karnal",8/21/2024,21.8,Other,1200,3000,2100,,,,,
"New Grain Market(main), Karnal",8/22/2024,27.4,Other,1200,2800,2000,,,,,
"New Grain Market(main), Karnal",8/24/2024,45.6,Other,1200,3000,2100,,,,,
"New Grain Market(main), Karnal",8/25/2024,12.5,Other,1200,2500,1850,,,,,
"New Grain Market(main), Karnal",8/26/2024,20.2,Other,1200,2500,1850,,,,,
"New Grain Market(main), Karnal",8/27/2024,9,Other,1600,3500,2550,,,,,
"New Grain Market(main), Karnal",8/28/2024,27.2,Other,1400,2800,2100,,,,,
"New Grain Market(main), Karnal",8/29/2024,26,Other,1200,2500,1850,,,,,
"New Grain Market(main), Karnal",8/31/2024,40.5,Other,1200,2200,1700,,,,,
Nuh,8/1/2024,0.6,Other,2000,3000,2500,,,,,
Palwal,8/2/2024,3.8,Tomato,3000,5000,4000,,,,,
Palwal,8/5/2024,2.5,Tomato,3000,5000,4000,,,,,
Palwal,8/6/2024,3.2,Tomato,3000,5000,4000,,,,,
Palwal,8/8/2024,0.7,Tomato,3000,4000,3500,,,,,
Palwal,8/9/2024,1.8,Tomato,3000,4000,3500,,,,,
Palwal,8/10/2024,1.8,Tomato,3000,4000,3500,,,,,
Palwal,8/12/2024,1,Tomato,3000,4000,3500,,,,,
Palwal,8/13/2024,2.4,Tomato,3000,4000,3500,,,,,
Palwal,8/14/2024,2.5,Tomato,3000,4000,3500,,,,,
Palwal,8/15/2024,0.5,Tomato,3000,4000,3500,,,,,
Palwal,8/16/2024,3.6,Tomato,3000,4000,3500,,,,,
Palwal,8/17/2024,1.5,Tomato,3000,4000,3500,,,,,
Palwal,8/18/2024,3.7,Tomato,3000,4000,3500,,,,,
Palwal,8/19/2024,1.8,Tomato,3000,4000,3500,,,,,
Palwal,8/20/2024,1.8,Tomato,3000,4000,3500,,,,,
Palwal,8/21/2024,5,Tomato,3000,4000,3500,,,,,
Palwal,8/22/2024,1.8,Tomato,3000,4000,3500,,,,,
Palwal,8/23/2024,3.1,Tomato,3000,4000,3500,,,,,
Palwal,8/24/2024,0.6,Tomato,3000,4000,3500,,,,,
Palwal,8/25/2024,3.6,Tomato,3000,4000,3500,,,,,
Palwal,8/28/2024,5.7,Tomato,3000,4000,3500,,,,,
Palwal,8/29/2024,4.7,Tomato,3000,5000,4000,,,,,
Palwal,8/30/2024,3.8,Tomato,3000,4000,3500,,,,,
Palwal,8/31/2024,10.1,Tomato,3000,4000,3500,,,,,
Panipat,8/1/2024,23.2,Other,2000,4000,3000,,,,,
Panipat,8/2/2024,21.5,Other,2000,3000,2500,,,,,
Panipat,8/4/2024,25.1,Other,2000,4000,3000,,,,,
Panipat,8/5/2024,18.2,Other,2000,2800,2400,,,,,
Panipat,8/6/2024,21.6,Other,1500,2500,2000,,,,,
Panipat,8/7/2024,22.7,Other,1500,2500,2000,,,,,
Panipat,8/10/2024,19.5,Other,2000,4000,3000,,,,,
Panipat,8/11/2024,20.5,Other,2000,3000,2500,,,,,
Panipat,8/13/2024,15.5,Other,1000,2500,1800,,,,,
Panipat,8/16/2024,31,Other,1000,3000,2000,,,,,
Panipat,8/17/2024,18.5,Other,1000,3000,2000,,,,,
Panipat,8/19/2024,21.3,Other,2000,4000,3000,,,,,
Panipat,8/20/2024,20.3,Other,1000,3000,2000,,,,,
Panipat,8/22/2024,12.2,Other,2000,3000,2500,,,,,
Panipat,8/23/2024,15.2,Other,2000,2800,2400,,,,,
Panipat,8/24/2024,17.5,Other,1000,3000,2000,,,,,
Panipat,8/26/2024,19.5,Other,1500,3500,2500,,,,,
Panipat,8/27/2024,18.6,Other,2000,2800,2400,,,,,
Panipat,8/29/2024,32.5,Other,2000,3000,2500,,,,,
Panipat,8/30/2024,17.9,Other,2000,2800,2400,,,,,
Pataudi,8/4/2024,1.9,Other,3500,4000,3800,,,,,
Pataudi,8/5/2024,4.1,Other,3500,4000,3800,,,,,
Pataudi,8/6/2024,3.8,Other,3500,4000,3800,,,,,
Pataudi,8/8/2024,1.9,Other,3500,4500,4000,,,,,
Pataudi,8/9/2024,2.5,Other,3000,4500,4000,,,,,
Pataudi,8/12/2024,1.3,Other,3500,4000,3800,,,,,
Pataudi,8/13/2024,3.4,Other,3800,4200,4000,,,,,
Pataudi,8/14/2024,3.9,Other,3400,4000,3800,,,,,
Pataudi,8/16/2024,2.2,Other,3800,4500,4000,,,,,
Pataudi,8/17/2024,2.3,Other,3500,4000,3800,,,,,
Pataudi,8/19/2024,2.6,Other,3500,4000,3800,,,,,
Pataudi,8/21/2024,4.3,Other,2400,4200,3500,,,,,
Pataudi,8/22/2024,3.7,Other,3300,4000,3500,,,,,
Pataudi,8/23/2024,1.7,Other,3400,4000,3800,,,,,
Pataudi,8/24/2024,3.8,Other,3000,3600,3200,,,,,
Pataudi,8/26/2024,1.2,Other,3500,4200,4000,,,,,
Pataudi,8/27/2024,3.3,Other,3300,3800,3500,,,,,
Pataudi,8/28/2024,4.1,Other,3000,3500,3200,,,,,
Pataudi,8/29/2024,2.6,Other,3000,3500,3200,,,,,
Pataudi,8/31/2024,6.5,Other,2000,2500,2200,,,,,
Pehowa,8/1/2024,0.2,Other,1600,1900,1800,,,,,
Pehowa,8/2/2024,0.2,Other,1600,1900,1800,,,,,
Pehowa,8/5/2024,0.2,Other,1500,1900,1600,,,,,
Pehowa,8/6/2024,0.2,Other,1600,1900,1800,,,,,
Pehowa,8/8/2024,0.2,Other,1600,1900,1800,,,,,
Pehowa,8/9/2024,0.2,Other,1500,1600,1600,,,,,
Pehowa,8/12/2024,0.2,Other,1600,1900,1680,,,,,
Pehowa,8/13/2024,0.2,Other,1500,1900,1600,,,,,
Pehowa,8/16/2024,2.2,Other,1600,1800,1650,,,,,
Pehowa,8/30/2024,0.2,Other,1400,1600,1500,,,,,
Pehowa,8/31/2024,0.2,Other,1500,1600,1600,,,,,
Pundri,8/1/2024,0.05,Other,4300,4400,4350,,,,,
Pundri,8/3/2024,0.3,Other,4400,4500,4450,,,,,
Pundri,8/4/2024,0.3,Other,4100,4200,4150,,,,,
Pundri,8/5/2024,0.95,Other,4100,4500,4350,,,,,
Pundri,8/6/2024,0.45,Other,3300,3400,3350,,,,,
Pundri,8/7/2024,0.2,Other,3500,3600,3550,,,,,
Pundri,8/8/2024,0.6,Other,3400,3500,3450,,,,,
Pundri,8/9/2024,1.3,Other,3300,3400,3350,,,,,
Pundri,8/11/2024,0.1,Other,3300,3400,3350,,,,,
Pundri,8/12/2024,0.9,Other,3600,3800,3700,,,,,
Pundri,8/13/2024,0.6,Other,3000,3200,3100,,,,,
Pundri,8/14/2024,0.2,Other,2900,3000,2950,,,,,
Pundri,8/15/2024,0.5,Other,3100,3200,3150,,,,,
Pundri,8/16/2024,0.7,Other,3000,3100,3050,,,,,
Pundri,8/17/2024,1.3,Other,2900,3300,3100,,,,,
Pundri,8/19/2024,0.6,Other,2800,3000,2900,,,,,
Pundri,8/20/2024,0.55,Other,2600,2800,2700,,,,,
Pundri,8/21/2024,1.52,Other,2400,2800,2600,,,,,
Pundri,8/22/2024,1.35,Other,2200,2500,2350,,,,,
Pundri,8/25/2024,0.9,Other,2100,2400,2250,,,,,
Pundri,8/26/2024,0.1,Other,2300,2400,2350,,,,,
Pundri,8/30/2024,0.7,Other,1400,2100,1750,,,,,
Punhana,8/2/2024,2.5,Other,3000,3000,3000,,,,,
Punhana,8/3/2024,2.4,Other,4000,4500,4200,,,,,
Punhana,8/5/2024,3.1,Other,4000,4000,4000,,,,,
Punhana,8/6/2024,1.9,Other,4000,4000,4000,,,,,
Punhana,8/7/2024,1.7,Other,4000,4000,4000,,,,,
Punhana,8/8/2024,1.1,Other,4000,4000,4000,,,,,
Punhana,8/9/2024,1.4,Other,4000,4000,4000,,,,,
Punhana,8/10/2024,1.7,Other,4000,4000,4000,,,,,
Punhana,8/11/2024,2,Other,4000,4000,4000,,,,,
Punhana,8/12/2024,3.3,Other,4000,4000,4000,,,,,
Punhana,8/13/2024,2.1,Other,3000,4000,3500,,,,,
Punhana,8/14/2024,1.7,Other,4000,4000,4000,,,,,
Punhana,8/15/2024,2.3,Other,4000,4000,4000,,,,,
Punhana,8/16/2024,2.8,Other,4000,4000,4000,,,,,
Punhana,8/17/2024,2.6,Other,4000,4000,4000,,,,,
Punhana,8/19/2024,2.8,Other,4000,4000,4000,,,,,
Punhana,8/20/2024,3,Other,4000,4000,4000,,,,,
Punhana,8/21/2024,2.4,Other,4000,4000,4000,,,,,
Punhana,8/22/2024,1.5,Other,4000,4000,4000,,,,,
Punhana,8/23/2024,0.6,Other,4000,4000,4000,,,,,
Punhana,8/24/2024,2,Other,4000,4000,4000,,,,,
Punhana,8/26/2024,1,Other,4000,4000,4000,,,,,
Punhana,8/27/2024,1.2,Other,3000,3000,3000,,,,,
Punhana,8/28/2024,1.7,Other,3500,3500,3500,,,,,
Punhana,8/29/2024,2.3,Other,3500,3500,3500,,,,,
Punhana,8/30/2024,2.9,Other,3000,3000,3000,,,,,
Punhana,8/31/2024,2.9,Other,3000,3000,3000,,,,,
Radaur,8/1/2024,6,Other,4000,4000,4000,,,,,
Radaur,8/2/2024,7,Other,3000,4000,3500,,,,,
Radaur,8/3/2024,8,Other,3000,4000,3500,,,,,
Radaur,8/5/2024,6,Other,3500,4200,4000,,,,,
Radaur,8/6/2024,6,Other,2500,3000,2800,,,,,
Radaur,8/7/2024,8,Other,3000,4000,3500,,,,,
Radaur,8/8/2024,7,Other,3000,3500,3200,,,,,
Radaur,8/9/2024,6,Other,2500,3200,2800,,,,,
Radaur,8/10/2024,6,Other,2000,3200,2400,,,,,
Radaur,8/12/2024,8,Other,2500,3800,3000,,,,,
Radaur,8/13/2024,7,Other,2000,3000,2500,,,,,
Radaur,8/14/2024,6,Other,2500,3000,2800,,,,,
Radaur,8/15/2024,7,Other,2000,2500,2200,,,,,
Radaur,8/16/2024,8,Other,2000,3000,2500,,,,,
Radaur,8/17/2024,6,Other,2500,3200,3000,,,,,
Radaur,8/19/2024,7,Other,2000,3000,2500,,,,,
Radaur,8/20/2024,7,Other,2000,2500,2200,,,,,
Radaur,8/21/2024,8,Other,2500,3000,2800,,,,,
Radaur,8/22/2024,8,Other,2500,3000,2800,,,,,
Radaur,8/23/2024,7,Other,2000,2500,2200,,,,,
Radaur,8/24/2024,8,Other,1500,2200,1800,,,,,
Radaur,8/26/2024,9,Other,2000,2200,2100,,,,,
Radaur,8/27/2024,8,Other,1500,2300,2000,,,,,
Radaur,8/28/2024,7,Other,2000,2200,2100,,,,,
Radaur,8/29/2024,8,Other,1800,2200,2000,,,,,
Radaur,8/30/2024,9,Other,2000,2000,2000,,,,,
Radaur,8/31/2024,10,Other,1600,2000,1700,,,,,
Raipur Rai,8/2/2024,0.07,Other,3500,4500,3500,,,,,
Raipur Rai,8/3/2024,0.06,Other,3500,4000,3500,,,,,
Raipur Rai,8/4/2024,0.05,Other,3000,3500,3000,,,,,
Raipur Rai,8/5/2024,0.05,Other,3000,3500,3000,,,,,
Raipur Rai,8/6/2024,0.06,Other,3500,4000,3500,,,,,
Raipur Rai,8/7/2024,0.12,Other,2500,3000,2500,,,,,
Raipur Rai,8/8/2024,0.06,Other,3000,3500,3000,,,,,
Raipur Rai,8/9/2024,0.08,Other,3500,4000,3500,,,,,
Raipur Rai,8/10/2024,0.08,Other,3000,3500,3000,,,,,
Raipur Rai,8/11/2024,0.08,Other,2800,3000,2800,,,,,
Raipur Rai,8/12/2024,0.07,Other,3500,4000,3500,,,,,
Raipur Rai,8/15/2024,0.08,Other,3000,3500,3000,,,,,
Raipur Rai,8/16/2024,0.1,Other,3500,4000,3500,,,,,
Raipur Rai,8/17/2024,0.08,Other,3000,3500,3000,,,,,
Raipur Rai,8/20/2024,0.08,Other,3500,4000,3500,,,,,
Raipur Rai,8/21/2024,0.08,Other,3500,3800,3500,,,,,
Raipur Rai,8/22/2024,0.07,Other,1600,2000,1600,,,,,
Raipur Rai,8/23/2024,0.1,Other,2000,2500,2000,,,,,
Raipur Rai,8/24/2024,0.1,Other,2000,2500,2000,,,,,
Raipur Rai,8/26/2024,0.12,Other,2000,2500,2000,,,,,
Raipur Rai,8/27/2024,0.12,Other,2800,3000,2800,,,,,
Raipur Rai,8/28/2024,0.12,Other,3000,3200,3000,,,,,
Raipur Rai,8/29/2024,0.08,Other,3000,3200,3000,,,,,
Raipur Rai,8/30/2024,0.12,Other,2500,3000,2500,,,,,
Raipur Rai,8/31/2024,0.08,Other,2500,2800,2500,,,,,
Rania,8/1/2024,0.2,Other,1800,2000,1900,,,,,
Rania,8/2/2024,0.1,Other,1900,2200,2100,,,,,
Rania,8/3/2024,0.2,Other,2000,2200,2100,,,,,
Rania,8/4/2024,0.2,Other,1900,2200,2000,,,,,
Rania,8/5/2024,0.2,Other,2100,2300,2200,,,,,
Rania,8/8/2024,0.1,Other,2000,2200,2100,,,,,
Rania,8/9/2024,0.2,Other,2100,2300,2200,,,,,
Rania,8/10/2024,0.2,Other,2000,2200,2100,,,,,
Rania,8/11/2024,0.1,Other,2000,2200,2100,,,,,
Rania,8/12/2024,0.2,Other,1900,2100,2000,,,,,
Rania,8/13/2024,0.2,Other,2000,2200,2100,,,,,
Rania,8/14/2024,0.2,Other,1800,2000,1900,,,,,
Rania,8/16/2024,0.2,Other,1900,2100,2000,,,,,
Rania,8/19/2024,0.1,Other,1900,2100,2000,,,,,
Rania,8/20/2024,0.2,Other,1900,2100,2000,,,,,
Rania,8/21/2024,0.2,Other,1900,2200,2000,,,,,
Rania,8/23/2024,0.2,Other,1800,2000,1900,,,,,
Rania,8/24/2024,0.1,Other,1800,2000,1900,,,,,
Rania,8/26/2024,0.2,Other,1800,2100,1900,,,,,
Rania,8/27/2024,0.1,Other,1800,2000,1900,,,,,
Rania,8/28/2024,0.2,Other,2000,2200,2100,,,,,
Rania,8/29/2024,0.2,Other,1800,2000,1900,,,,,
Rania,8/30/2024,0.1,Other,1800,2000,1900,,,,,
Rania,8/31/2024,0.2,Other,1900,2200,2000,,,,,
Rania(Jiwan nagar),8/1/2024,2,Deshi,1900,2100,2000,,,,,
Rania(Jiwan nagar),8/2/2024,2,Deshi,1900,2100,2000,,,,,
Rania(Jiwan nagar),8/3/2024,2,Deshi,1900,2100,2000,,,,,
Rania(Jiwan nagar),8/4/2024,2,Deshi,1950,2100,2000,,,,,
Rania(Jiwan nagar),8/5/2024,2,Deshi,2000,2200,2100,,,,,
Rania(Jiwan nagar),8/8/2024,2,Deshi,2100,2300,2200,,,,,
Rania(Jiwan nagar),8/9/2024,2,Deshi,2000,2300,2200,,,,,
Rania(Jiwan nagar),8/10/2024,1,Deshi,2000,2200,2100,,,,,
Rania(Jiwan nagar),8/11/2024,2,Deshi,1900,2100,2000,,,,,
Rania(Jiwan nagar),8/12/2024,1,Deshi,1800,2000,1900,,,,,
Rania(Jiwan nagar),8/13/2024,2,Deshi,1900,2100,2000,,,,,
Rania(Jiwan nagar),8/16/2024,1,Deshi,1900,2100,2000,,,,,
Ratia,8/2/2024,0.96,Other,3000,4200,3500,,,,,
Ratia,8/3/2024,0.69,Other,2500,3500,3000,,,,,
Ratia,8/4/2024,1.2,Other,2500,3600,3000,,,,,
Ratia,8/5/2024,1.56,Other,2800,3000,2900,,,,,
Ratia,8/6/2024,1.3,Other,2000,3800,3000,,,,,
Ratia,8/7/2024,0.76,Other,3000,3500,3200,,,,,
Ratia,8/8/2024,0.86,Other,3000,4700,4000,,,,,
Ratia,8/9/2024,1.2,Other,2500,3500,3000,,,,,
Ratia,8/10/2024,0.62,Other,2500,3200,2900,,,,,
Ratia,8/11/2024,1,Other,2000,3500,3000,,,,,
Ratia,8/12/2024,1.1,Other,2200,3000,2600,,,,,
Ratia,8/15/2024,0.86,Other,3200,3500,3300,,,,,
Ratia,8/16/2024,0.73,Other,2700,3300,3000,,,,,
Ratia,8/18/2024,1.47,Other,2500,3000,2700,,,,,
Ratia,8/20/2024,0.75,Other,2500,2700,2600,,,,,
Ratia,8/22/2024,1.03,Other,1500,3700,2500,,,,,
Ratia,8/23/2024,0.81,Other,2200,3000,2600,,,,,
Ratia,8/27/2024,0.6,Other,1000,2500,1800,,,,,
Ratia,8/28/2024,1.09,Other,2000,2500,2300,,,,,
Ratia,8/30/2024,1.1,Other,2000,2100,2050,,,,,
Ratia,8/31/2024,2.1,Other,1700,2100,1900,,,,,
Rewari,8/1/2024,6.8,Other,1000,5000,3000,,,,,
Rewari,8/2/2024,7.4,Other,1000,5000,3000,,,,,
Rewari,8/3/2024,11,Other,1000,5000,3000,,,,,
Rewari,8/4/2024,7,Other,1000,5000,3000,,,,,
Rewari,8/5/2024,5.5,Other,1000,5000,3000,,,,,
Rewari,8/6/2024,6.6,Other,1000,5000,3000,,,,,
Rewari,8/7/2024,6.9,Other,1000,5000,3000,,,,,
Rewari,8/8/2024,7.5,Other,1000,5000,3000,,,,,
Rewari,8/9/2024,8,Other,1000,5000,3000,,,,,
Rewari,8/10/2024,7,Other,1000,5000,3000,,,,,
Rewari,8/11/2024,2,Other,1500,3600,2500,,,,,
Rewari,8/12/2024,6.4,Other,1000,5000,3000,,,,,
Rewari,8/13/2024,9.6,Other,1000,5000,3000,,,,,
Rewari,8/14/2024,6.9,Other,1000,5000,3000,,,,,
Rewari,8/15/2024,6.9,Other,1000,5000,3000,,,,,
Rewari,8/16/2024,7,Other,1000,3000,2000,,,,,
Rewari,8/19/2024,9.5,Other,1000,3000,2000,,,,,
Rewari,8/20/2024,8.6,Other,1000,3200,2100,,,,,
Rewari,8/21/2024,10.7,Other,1000,3000,2000,,,,,
Rewari,8/22/2024,5.8,Other,1000,3000,2000,,,,,
Rewari,8/23/2024,8.3,Other,1000,3000,2000,,,,,
Rewari,8/24/2024,6.1,Other,1000,3000,2000,,,,,
Rewari,8/25/2024,2.1,Other,1000,3000,2000,,,,,
Rewari,8/26/2024,4.3,Other,1000,4000,2500,,,,,
Rewari,8/27/2024,11.8,Other,1000,3500,2250,,,,,
Rewari,8/28/2024,7.4,Other,1000,3000,2000,,,,,
Rewari,8/29/2024,2.6,Other,1000,3000,2000,,,,,
Rewari,8/30/2024,2.8,Other,1000,2800,1900,,,,,
Rohtak,8/1/2024,5,Other,1500,2500,2000,,,,,
Rohtak,8/2/2024,6.8,Other,1500,3000,2000,,,,,
Rohtak,8/3/2024,1.6,Other,1500,3000,2000,,,,,
Rohtak,8/4/2024,7,Other,1500,3000,2000,,,,,
Rohtak,8/5/2024,10.8,Other,1500,3000,2500,,,,,
Rohtak,8/6/2024,6.4,Other,1500,3000,2500,,,,,
Rohtak,8/7/2024,5.2,Other,1500,3000,2000,,,,,
Rohtak,8/12/2024,10.4,Other,1000,3000,1500,,,,,
Rohtak,8/13/2024,3.4,Other,1500,3000,2500,,,,,
Rohtak,8/16/2024,5.2,Other,1000,2500,1500,,,,,
Rohtak,8/17/2024,4.6,Other,1500,3000,2000,,,,,
Rohtak,8/20/2024,6.5,Other,1500,3000,2000,,,,,
Rohtak,8/21/2024,9.4,Other,1500,3000,2000,,,,,
Rohtak,8/22/2024,11.1,Other,1500,2500,2000,,,,,
Rohtak,8/23/2024,6.1,Other,2500,4000,3000,,,,,
Rohtak,8/24/2024,9,Other,1500,3500,2500,,,,,
Rohtak,8/27/2024,15.3,Other,1500,3000,2500,,,,,
Rohtak,8/28/2024,7.6,Other,1500,3000,2000,,,,,
Rohtak,8/29/2024,5.6,Other,1500,3000,2500,,,,,
Rohtak,8/30/2024,5.3,Other,1500,3000,2000,,,,,
Rohtak,8/31/2024,17.9,Other,1500,3000,2000,,,,,
Sadhaura,8/1/2024,0.2,Tomato,3500,4000,3800,,,,,
Sadhaura,8/2/2024,0.5,Tomato,3500,4000,3500,,,,,
Sadhaura,8/5/2024,1,Tomato,3000,3500,3200,,,,,
Sadhaura,8/6/2024,0.5,Tomato,2800,3500,3000,,,,,
Sadhaura,8/7/2024,0.5,Tomato,2800,3200,3000,,,,,
Sadhaura,8/14/2024,0.5,Tomato,1800,2000,2000,,,,,
Sadhaura,8/15/2024,0.5,Tomato,1800,2000,2000,,,,,
Sadhaura,8/16/2024,1.2,Other,2000,3000,2500,,,,,
Sadhaura,8/17/2024,1.1,Tomato,2500,3000,2800,,,,,
Sadhaura,8/19/2024,0.2,Tomato,2800,3600,3200,,,,,
Sadhaura,8/21/2024,1.9,Tomato,2000,2500,2300,,,,,
Sadhaura,8/22/2024,0.7,Tomato,2000,2400,2200,,,,,
Sadhaura,8/23/2024,2.1,Tomato,2000,2400,2200,,,,,
Sadhaura,8/25/2024,0.3,Tomato,2200,2700,2500,,,,,
Sadhaura,8/26/2024,0.9,Tomato,2200,2600,2400,,,,,
Sadhaura,8/27/2024,0.6,Tomato,2400,2600,2500,,,,,
Sadhaura,8/28/2024,0.5,Tomato,2400,2800,2600,,,,,
Sadhaura,8/29/2024,0.4,Tomato,2400,2800,2600,,,,,
Sadhaura,8/30/2024,1.9,Tomato,2000,2600,2300,,,,,
Sadhaura,8/31/2024,0.5,Tomato,2200,2600,2400,,,,,
Safidon,8/1/2024,1.3,Other,4500,4500,4500,,,,,
Safidon,8/2/2024,1.3,Other,4500,4500,4500,,,,,
Safidon,8/3/2024,1.4,Other,4000,4000,4000,,,,,
Safidon,8/5/2024,1.3,Other,4000,4000,4000,,,,,
Safidon,8/6/2024,1.55,Other,4500,4500,4500,,,,,
Safidon,8/8/2024,1.1,Other,4500,4500,4500,,,,,
Safidon,8/9/2024,1.2,Other,3500,4500,4000,,,,,
Safidon,8/10/2024,1.8,Other,4000,4500,4500,,,,,
Safidon,8/12/2024,1.64,Other,3500,3500,3500,,,,,
Safidon,8/15/2024,1.3,Other,3500,4000,3500,,,,,
Safidon,8/21/2024,1.7,Other,3500,3500,3500,,,,,
Safidon,8/22/2024,1.5,Other,3500,3500,3500,,,,,
Safidon,8/23/2024,1.7,Other,3500,3500,3500,,,,,
Safidon,8/24/2024,1.8,Other,3500,3500,3500,,,,,
Safidon,8/27/2024,1.75,Other,3000,3000,3000,,,,,
Safidon,8/28/2024,1.4,Other,2500,2500,2500,,,,,
Safidon,8/29/2024,1.3,Other,3500,3500,3500,,,,,
Samalkha,8/1/2024,0.6,Local,3000,3000,3000,,,,,
Samalkha,8/2/2024,1.4,Local,3000,3000,3000,,,,,
Samalkha,8/3/2024,1,Local,3000,3000,3000,,,,,
Samalkha,8/4/2024,1,Local,3000,3000,3000,,,,,
Samalkha,8/5/2024,1.2,Local,3000,3000,3000,,,,,
Samalkha,8/6/2024,1,Local,3000,3000,3000,,,,,
Samalkha,8/8/2024,1.9,Local,2800,2800,2800,,,,,
Samalkha,8/9/2024,1.3,Local,3000,3000,3000,,,,,
Samalkha,8/12/2024,0.7,Local,3000,3000,3000,,,,,
Samalkha,8/13/2024,1.4,Local,2800,2800,2800,,,,,
Samalkha,8/14/2024,1,Local,2600,2600,2600,,,,,
Samalkha,8/16/2024,0.4,Local,2500,2500,2500,,,,,
Samalkha,8/17/2024,1.6,Local,2700,2700,2700,,,,,
Samalkha,8/20/2024,1.4,Local,2600,2600,2600,,,,,
Samalkha,8/22/2024,1.4,Local,2000,2000,2000,,,,,
Samalkha,8/23/2024,0.8,Local,1500,1500,1500,,,,,
Samalkha,8/24/2024,1.7,Local,1500,1500,1500,,,,,
Samalkha,8/29/2024,1.7,Local,2000,2000,2000,,,,,
Sampla,8/1/2024,1,Other,5500,5500,5500,,,,,
Sampla,8/3/2024,1.1,Other,5000,5000,5000,,,,,
Sampla,8/4/2024,1.3,Other,5000,6000,6000,,,,,
Sampla,8/5/2024,1,Other,5000,5000,5000,,,,,
Sampla,8/6/2024,0.7,Other,5000,5000,5000,,,,,
Sampla,8/7/2024,0.9,Other,5000,5000,5000,,,,,
Sampla,8/8/2024,1,Other,5000,5000,5000,,,,,
Sampla,8/9/2024,1,Other,5000,5000,5000,,,,,
Sampla,8/10/2024,0.9,Other,5000,5000,5000,,,,,
Sampla,8/11/2024,0.4,Other,4500,4500,4500,,,,,
Sampla,8/12/2024,0.4,Other,4000,4000,4000,,,,,
Sampla,8/13/2024,0.3,Other,4000,4000,4000,,,,,
Sampla,8/15/2024,0.8,Other,4000,4500,4000,,,,,
Sampla,8/16/2024,0.6,Other,4000,4000,4000,,,,,
Sampla,8/17/2024,0.5,Other,4000,4000,4000,,,,,
Sampla,8/18/2024,1.2,Other,4000,4000,4000,,,,,
Sampla,8/19/2024,0.6,Other,5000,5000,5000,,,,,
Sampla,8/20/2024,0.9,Other,4000,5000,4000,,,,,
Sampla,8/21/2024,0.5,Other,5000,5000,5000,,,,,
Sampla,8/23/2024,0.6,Other,5000,5000,5000,,,,,
Sampla,8/24/2024,0.5,Other,5000,5000,5000,,,,,
Sampla,8/26/2024,1.2,Other,5000,5000,5000,,,,,
Sampla,8/27/2024,0.6,Other,4000,4000,4000,,,,,
Sampla,8/28/2024,0.5,Other,5000,5000,5000,,,,,
Sampla,8/29/2024,1,Other,5000,5000,5000,,,,,
Sampla,8/30/2024,0.5,Other,4000,4000,4000,,,,,
Shahabad,8/1/2024,1.11,Tomato,3000,4000,3500,,,,,
Shahabad,8/2/2024,2.7,Tomato,2200,3500,3200,,,,,
Shahabad,8/3/2024,1.3,Tomato,2500,3500,3000,,,,,
Shahabad,8/5/2024,2.3,Tomato,2200,3500,3200,,,,,
Shahabad,8/6/2024,2,Tomato,2000,3000,2800,,,,,
Shahabad,8/7/2024,1.75,Tomato,2000,3500,2500,,,,,
Shahabad,8/8/2024,1.75,Tomato,2500,3500,3000,,,,,
Shahabad,8/9/2024,2.8,Tomato,1600,3500,2500,,,,,
Shahabad,8/10/2024,2,Tomato,1600,3000,2500,,,,,
Shahabad,8/12/2024,2,Tomato,1600,3000,2500,,,,,
Shahabad,8/13/2024,2.65,Tomato,1800,3000,2500,,,,,
Shahabad,8/14/2024,1.36,Tomato,2500,3000,2800,,,,,
Shahabad,8/15/2024,1.6,Tomato,2800,3000,2900,,,,,
Shahabad,8/16/2024,2.6,Tomato,2500,3000,2800,,,,,
Shahabad,8/17/2024,2,Tomato,2500,3000,2800,,,,,
Shahabad,8/19/2024,2.2,Tomato,2500,3000,2800,,,,,
Shahabad,8/20/2024,2,Tomato,2500,3000,2800,,,,,
Shahabad,8/21/2024,2.3,Tomato,1500,3000,2800,,,,,
Shahabad,8/22/2024,2.66,Tomato,1300,2000,1500,,,,,
Shahabad,8/23/2024,2.1,Tomato,2500,3000,2800,,,,,
Shahabad,8/24/2024,2,Tomato,2200,2500,2300,,,,,
Shahabad,8/26/2024,2.6,Tomato,2200,2500,2300,,,,,
Shahabad,8/27/2024,2,Tomato,2000,2500,2200,,,,,
Shahabad,8/28/2024,1.9,Tomato,2000,2500,2200,,,,,
Shahabad,8/29/2024,1.9,Tomato,2000,2500,2200,,,,,
Shahabad,8/30/2024,2.13,Tomato,2000,2800,2500,,,,,
Shahabad,8/31/2024,2.65,Tomato,2000,2500,2200,,,,,
Shahzadpur,8/1/2024,0.11,Local,2000,2000,2000,,,,,
Shahzadpur,8/2/2024,0.46,Local,1500,3000,2000,,,,,
Shahzadpur,8/3/2024,0.6,Local,2000,3000,2000,,,,,
Shahzadpur,8/5/2024,0.41,Local,2000,3000,2000,,,,,
Shahzadpur,8/6/2024,0.55,Local,2000,3000,2000,,,,,
Shahzadpur,8/7/2024,0.61,Local,2000,2600,2000,,,,,
Shahzadpur,8/8/2024,0.56,Local,2000,2500,2000,,,,,
Shahzadpur,8/9/2024,0.59,Local,2000,2000,2000,,,,,
Shahzadpur,8/10/2024,0.66,Local,2000,3100,2000,,,,,
Shahzadpur,8/12/2024,0.31,Local,2000,2400,2000,,,,,
Shahzadpur,8/13/2024,0.6,Local,2000,3000,2000,,,,,
Shahzadpur,8/14/2024,0.56,Local,1000,3000,2100,,,,,
Shahzadpur,8/15/2024,0.25,Local,2000,2000,2000,,,,,
Shahzadpur,8/16/2024,0.51,Local,2000,2800,2000,,,,,
Shahzadpur,8/17/2024,0.31,Local,2000,3000,2000,,,,,
Shahzadpur,8/19/2024,0.61,Local,1000,2200,2000,,,,,
Shahzadpur,8/20/2024,0.7,Local,2000,2100,2000,,,,,
Shahzadpur,8/21/2024,0.7,Local,1000,2500,1500,,,,,
Shahzadpur,8/22/2024,0.6,Local,1500,2000,2000,,,,,
Shahzadpur,8/23/2024,0.81,Local,1200,2000,2000,,,,,
Shahzadpur,8/24/2024,0.61,Local,1500,3000,2100,,,,,
Shahzadpur,8/26/2024,0.73,Local,1500,2000,2000,,,,,
Shahzadpur,8/27/2024,0.75,Local,1000,2000,1800,,,,,
Shahzadpur,8/28/2024,0.56,Local,1000,2400,2400,,,,,
Shahzadpur,8/29/2024,0.65,Local,1500,2200,1500,,,,,
Shahzadpur,8/30/2024,0.91,Local,1500,2000,2000,,,,,
Shahzadpur,8/31/2024,0.88,Local,1500,2000,1800,,,,,
Sirsa,8/1/2024,3.7,Other,3600,4600,4000,,,,,
Sirsa,8/2/2024,6.8,Other,3000,5000,4000,,,,,
Sirsa,8/3/2024,7.6,Other,2300,4000,3300,,,,,
Sirsa,8/5/2024,8,Other,2800,4000,3500,,,,,
Sirsa,8/6/2024,6.4,Other,2300,4000,3500,,,,,
Sirsa,8/7/2024,5.3,Other,3200,4000,3600,,,,,
Sirsa,8/8/2024,5.2,Other,2800,4000,3600,,,,,
Sirsa,8/12/2024,6.4,Other,2500,4000,3000,,,,,
Sirsa,8/13/2024,4.8,Other,2350,3800,3500,,,,,
Sirsa,8/15/2024,5.1,Other,2000,4000,3300,,,,,
Sirsa,8/16/2024,6.1,Other,2500,3400,3300,,,,,
Sirsa,8/17/2024,5.7,Other,2000,3600,3300,,,,,
Sirsa,8/19/2024,5.6,Other,2000,4000,3500,,,,,
Sirsa,8/20/2024,9,Other,2400,4000,3400,,,,,
Sirsa,8/21/2024,8,Other,1000,3200,2200,,,,,
Sirsa,8/22/2024,4.9,Other,1700,3000,2500,,,,,
Sirsa,8/23/2024,6.2,Other,2000,2800,2500,,,,,
Sirsa,8/26/2024,6.5,Other,1800,2600,2000,,,,,
Sirsa,8/27/2024,4.1,Other,1500,2500,2000,,,,,
Sirsa,8/28/2024,10.6,Other,2000,2600,2500,,,,,
Sirsa,8/29/2024,9.6,Other,1800,2600,2200,,,,,
Sirsa,8/30/2024,6.5,Other,2000,2700,2200,,,,,
Sirsa,8/31/2024,9,Other,1700,2300,2000,,,,,
Siwan,8/1/2024,0.2,Other,2300,2400,2400,,,,,
Siwan,8/2/2024,0.4,Other,3000,3000,3000,,,,,
Siwan,8/3/2024,0.2,Other,3000,3000,3000,,,,,
Siwan,8/4/2024,0.5,Other,2800,3000,3000,,,,,
Siwan,8/5/2024,0.6,Other,3000,3000,3000,,,,,
Siwan,8/6/2024,0.2,Other,3000,3000,3000,,,,,
Siwan,8/7/2024,0.2,Other,3000,3000,3000,,,,,
Siwan,8/8/2024,0.2,Other,3000,3000,3000,,,,,
Siwan,8/9/2024,0.4,Other,3000,3000,3000,,,,,
Siwan,8/10/2024,0.45,Other,3000,3000,3000,,,,,
Siwan,8/11/2024,0.5,Other,3000,3000,3000,,,,,
Siwan,8/12/2024,0.45,Other,3000,3000,3000,,,,,
Siwan,8/13/2024,0.55,Other,2000,2000,2000,,,,,
Siwan,8/14/2024,0.4,Other,2500,2500,2500,,,,,
Siwan,8/15/2024,0.4,Other,3000,3000,3000,,,,,
Siwan,8/16/2024,0.3,Other,3000,3000,3000,,,,,
Siwan,8/17/2024,0.65,Other,3000,3000,3000,,,,,
Siwan,8/19/2024,0.6,Other,3000,3000,3000,,,,,
Siwan,8/20/2024,0.6,Other,2300,2500,2400,,,,,
Siwan,8/21/2024,0.8,Other,2500,2500,2500,,,,,
Siwan,8/22/2024,0.4,Other,2400,2600,2500,,,,,
Siwan,8/23/2024,0.65,Other,3000,3000,3000,,,,,
Siwan,8/24/2024,0.55,Other,3000,3000,3000,,,,,
Siwan,8/25/2024,0.5,Other,2500,2500,2500,,,,,
Siwan,8/26/2024,0.6,Other,2400,2500,2500,,,,,
Siwan,8/27/2024,0.45,Other,2500,2500,2500,,,,,
Siwan,8/28/2024,0.7,Other,2400,2500,2500,,,,,
Siwan,8/29/2024,0.6,Other,2400,2500,2500,,,,,
Siwan,8/30/2024,0.45,Other,2500,2600,2500,,,,,
Sohna,8/1/2024,1.75,Tomato,4000,5000,4500,,,,,
Sohna,8/2/2024,2.35,Tomato,3000,4000,4000,,,,,
Sohna,8/3/2024,2,Tomato,4000,5000,4200,,,,,
Sohna,8/4/2024,1,Tomato,3000,3000,3000,,,,,
Sohna,8/5/2024,2.7,Tomato,4000,4200,4200,,,,,
Sohna,8/6/2024,2.1,Tomato,3000,4200,4000,,,,,
Sohna,8/7/2024,2.3,Tomato,3000,4000,4000,,,,,
Sohna,8/9/2024,2.1,Tomato,3000,4200,3500,,,,,
Sohna,8/10/2024,4.1,Tomato,3000,4200,3600,,,,,
Sohna,8/11/2024,1.8,Tomato,3000,3600,3600,,,,,
Sohna,8/12/2024,1.95,Tomato,3000,3500,3500,,,,,
Sohna,8/13/2024,1.8,Tomato,3000,NR,3500,,,,,
Sohna,8/14/2024,1.5,Tomato,3000,3000,3000,,,,,
Sohna,8/19/2024,2.35,Tomato,3000,3500,3500,,,,,
Sohna,8/20/2024,3.3,Tomato,3000,3500,3200,,,,,
Sohna,8/21/2024,2.9,Tomato,2500,3000,3000,,,,,
Sohna,8/22/2024,2.4,Tomato,2500,3000,3000,,,,,
Sohna,8/23/2024,2.6,Tomato,3000,3200,3200,,,,,
Sohna,8/26/2024,2.6,Tomato,3000,3200,3200,,,,,
Sohna,8/27/2024,3.4,Tomato,3000,3200,3200,,,,,
Sohna,8/28/2024,3,Tomato,2500,3500,3000,,,,,
Sohna,8/29/2024,3.3,Tomato,2500,3200,3000,,,,,
Sohna,8/30/2024,2.6,Tomato,2000,3000,2500,,,,,
Sohna,8/31/2024,2.7,Tomato,2500,3000,3000,,,,,
Sonepat,8/2/2024,4.3,Hybrid,4000,4800,4800,,,,,
Sonepat,8/4/2024,22,Hybrid,4800,5000,5000,,,,,
Sonepat,8/17/2024,19,Other,2500,3000,3000,,,,,
Sonepat,8/19/2024,13,Other,2400,2800,2800,,,,,
Sonepat,8/20/2024,8.3,Other,2500,3000,3000,,,,,
Sonepat,8/22/2024,8,Other,2800,3000,3000,,,,,
Sonepat,8/23/2024,8.7,Other,2800,3000,3000,,,,,
Sonepat,8/24/2024,11,Other,2600,3000,3000,,,,,
Sonepat,8/26/2024,18.6,Other,2600,3000,3000,,,,,
Sonepat,8/27/2024,16.7,Other,2500,3000,2500,,,,,
Sonepat,8/28/2024,13.1,Other,2800,3000,3000,,,,,
Sonepat,8/29/2024,18.6,Other,2500,3000,3000,,,,,
Sonepat,8/30/2024,9,Other,2400,2800,2800,,,,,
Sonepat,8/31/2024,19.6,Other,2400,2800,2800,,,,,
Sonepat(Kharkhoda),8/8/2024,1.2,Deshi,3500,4500,4000,,,,,
Sonepat(Kharkhoda),8/9/2024,1.3,Deshi,3000,4000,3500,,,,,
Sonepat(Kharkhoda),8/10/2024,2.2,Deshi,2500,3000,2800,,,,,
Sonepat(Kharkhoda),8/11/2024,1,Deshi,2500,3500,2800,,,,,
Sonepat(Kharkhoda),8/12/2024,2,Deshi,2500,3500,2900,,,,,
Sonepat(Kharkhoda),8/13/2024,1.4,Deshi,3000,4000,3500,,,,,
Sonepat(Kharkhoda),8/14/2024,1.7,Deshi,3000,4000,3500,,,,,
Sonepat(Kharkhoda),8/15/2024,1.6,Deshi,3800,4000,3900,,,,,
Sonepat(Kharkhoda),8/16/2024,2.2,Deshi,3000,4000,3500,,,,,
Sonepat(Kharkhoda),8/17/2024,1.7,Deshi,3500,4000,3800,,,,,
Sonepat(Kharkhoda),8/18/2024,1.8,Deshi,3000,4000,3500,,,,,
Sonepat(Kharkhoda),8/19/2024,1.7,Deshi,3000,4000,3500,,,,,
Sonepat(Kharkhoda),8/20/2024,1.7,Deshi,3500,4000,3900,,,,,
Sonepat(Kharkhoda),8/21/2024,2.7,Deshi,3000,3500,3200,,,,,
Sonepat(Kharkhoda),8/22/2024,2.2,Deshi,3000,3500,3250,,,,,
Sonepat(Kharkhoda),8/23/2024,1.5,Deshi,3500,4000,3880,,,,,
Sonepat(Kharkhoda),8/24/2024,2.2,Deshi,2500,3500,3000,,,,,
Sonepat(Kharkhoda),8/26/2024,1.7,Deshi,3500,4000,3800,,,,,
Sonepat(Kharkhoda),8/27/2024,1.8,Deshi,3000,4000,3500,,,,,
Sonepat(Kharkhoda),8/28/2024,1.2,Deshi,3000,4000,3500,,,,,
Sonepat(Kharkhoda),8/29/2024,2.2,Deshi,3500,4000,3800,,,,,
Sonepat(Kharkhoda),8/30/2024,2.2,Deshi,3000,4000,3500,,,,,
Tauru,8/2/2024,0.4,Tomato,5000,6000,5900,,,,,
Tauru,8/3/2024,0.5,Tomato,5000,6000,5000,,,,,
Tauru,8/4/2024,1,Tomato,5000,6000,5000,,,,,
Tauru,8/5/2024,0.2,Tomato,5000,5000,5000,,,,,
Tauru,8/6/2024,0.4,Tomato,5000,5000,5000,,,,,
Tauru,8/8/2024,0.1,Tomato,4000,4000,4000,,,,,
Tauru,8/9/2024,0.4,Tomato,5000,5000,5000,,,,,
Tauru,8/10/2024,0.3,Tomato,5000,5000,5000,,,,,
Tauru,8/12/2024,0.5,Tomato,4000,5000,5000,,,,,
Tauru,8/13/2024,0.5,Tomato,4000,5000,5000,,,,,
Tauru,8/17/2024,0.7,Tomato,5000,7000,6000,,,,,
Tauru,8/18/2024,0.3,Tomato,5000,6000,5000,,,,,
Tauru,8/19/2024,0.3,Hybrid,5000,6000,5000,,,,,
Tauru,8/20/2024,0.8,Tomato,5000,6000,5000,,,,,
Tauru,8/23/2024,1,Tomato,5000,6000,5000,,,,,
Tauru,8/24/2024,0.3,Tomato,5000,5000,5000,,,,,
Tauru,8/26/2024,0.6,Tomato,4000,4500,4000,,,,,
Tauru,8/29/2024,1,Tomato,4000,5000,5000,,,,,
Thanesar,8/1/2024,8.4,Tomato,1500,3500,2500,,,,,
Thanesar,8/2/2024,13.3,Tomato,1000,3000,2000,,,,,
Thanesar,8/3/2024,12.4,Tomato,1500,3000,2200,,,,,
Thanesar,8/6/2024,10.9,Tomato,1500,3500,2500,,,,,
Thanesar,8/7/2024,10.2,Tomato,1500,3500,2500,,,,,
Thanesar,8/8/2024,10.3,Tomato,1500,3500,2500,,,,,
Thanesar,8/9/2024,11.2,Tomato,1500,3500,2500,,,,,
Thanesar,8/10/2024,8.7,Tomato,1500,3000,2200,,,,,
Thanesar,8/13/2024,14.6,Tomato,1000,3000,2000,,,,,
Thanesar,8/14/2024,7.5,Tomato,2000,4000,3000,,,,,
Thanesar,8/15/2024,9.2,Tomato,2500,4500,3500,,,,,
Thanesar,8/16/2024,8.7,Tomato,1500,2500,2000,,,,,
Thanesar,8/17/2024,8.6,Tomato,1500,2500,2000,,,,,
Thanesar,8/19/2024,9.2,Tomato,2000,3000,2500,,,,,
Thanesar,8/20/2024,13.1,Tomato,2500,3500,3000,,,,,
Thanesar,8/21/2024,11.5,Tomato,2000,3000,2500,,,,,
Thanesar,8/22/2024,13.8,Tomato,1500,3000,2000,,,,,
Thanesar,8/23/2024,10.5,Tomato,1000,3000,2000,,,,,
Thanesar,8/24/2024,9.7,Tomato,1500,4000,2800,,,,,
Thanesar,8/26/2024,14.2,Tomato,1500,3000,2200,,,,,
Thanesar,8/27/2024,11.5,Tomato,1500,2500,2000,,,,,
Thanesar,8/28/2024,11,Tomato,1000,2000,1500,,,,,
Thanesar,8/29/2024,9.6,Tomato,1500,2500,2000,,,,,
Thanesar,8/30/2024,11.3,Tomato,1500,2500,2000,,,,,
Thanesar,8/31/2024,11.5,Tomato,1000,2500,1500,,,,,
Tohana(New Veg Market),8/2/2024,1.6,Tomato,4000,4000,4000,,,,,
Tohana(New Veg Market),8/4/2024,2.2,Tomato,4000,4000,4000,,,,,
Tohana(New Veg Market),8/5/2024,4.4,Tomato,4000,4000,4000,,,,,
Tohana(New Veg Market),8/6/2024,2.8,Tomato,3500,3500,3500,,,,,
Tohana(New Veg Market),8/7/2024,1.8,Tomato,4000,4000,4000,,,,,
Tohana(New Veg Market),8/8/2024,1.7,Tomato,4000,4000,4000,,,,,
Tohana(New Veg Market),8/10/2024,1,Tomato,3500,3500,3500,,,,,
Tohana(New Veg Market),8/13/2024,1.5,Tomato,3000,3000,3000,,,,,
Tohana(New Veg Market),8/14/2024,1.8,Tomato,3000,3000,3000,,,,,
Tohana(New Veg Market),8/15/2024,2.9,Tomato,3000,3000,3000,,,,,
Tohana(New Veg Market),8/19/2024,3.2,Tomato,2800,3200,3000,,,,,
Tohana(New Veg Market),8/20/2024,2.5,Tomato,3500,3500,3500,,,,,
Tohana(New Veg Market),8/21/2024,2.8,Tomato,3000,3500,3200,,,,,
Tohana(New Veg Market),8/22/2024,3.2,Tomato,2400,2800,2500,,,,,
Tohana(New Veg Market),8/23/2024,1.9,Tomato,2500,2600,2500,,,,,
Tohana(New Veg Market),8/27/2024,2.8,Tomato,2200,2500,2500,,,,,
Tohana(New Veg Market),8/28/2024,2.2,Tomato,2000,2500,2500,,,,,
Tohana(New Veg Market),8/29/2024,2,Tomato,2200,2500,2500,,,,,
Uklana,8/1/2024,0.3,Other,3500,4000,4000,,,,,
Uklana,8/2/2024,0.2,Other,3000,3200,3200,,,,,
Uklana,8/3/2024,0.2,Other,3500,4000,4000,,,,,
Uklana,8/4/2024,0.3,Other,2800,3000,3000,,,,,
Uklana,8/5/2024,0.3,Other,2600,3000,3000,,,,,
Uklana,8/6/2024,0.2,Other,3500,4000,4000,,,,,
Uklana,8/7/2024,0.3,Other,3500,4000,4000,,,,,
Uklana,8/8/2024,0.2,Other,2800,3000,3000,,,,,
Uklana,8/9/2024,0.2,Other,3200,3500,3500,,,,,
Uklana,8/10/2024,0.2,Other,3000,3500,3500,,,,,
Uklana,8/11/2024,0.2,Other,3000,3500,3500,,,,,
Uklana,8/12/2024,0.2,Other,3000,3500,3500,,,,,
Uklana,8/13/2024,0.2,Other,2500,3000,3000,,,,,
Uklana,8/14/2024,0.2,Other,2500,3000,3000,,,,,
Uklana,8/15/2024,0.3,Other,2500,3000,3000,,,,,
Uklana,8/16/2024,0.2,Other,2200,2500,2500,,,,,
Uklana,8/17/2024,0.3,Other,2500,3000,3000,,,,,
Uklana,8/18/2024,0.2,Other,1800,2000,2000,,,,,
Uklana,8/19/2024,0.1,Other,2000,2000,2000,,,,,
Uklana,8/20/2024,0.2,Other,2000,2000,2000,,,,,
Uklana,8/21/2024,0.2,Other,2000,2000,2000,,,,,
Uklana,8/22/2024,0.3,Other,1800,1800,1800,,,,,
Uklana,8/23/2024,0.3,Other,1800,2000,2000,,,,,
Uklana,8/24/2024,0.3,Other,2000,2000,2000,,,,,
Uklana,8/25/2024,0.2,Other,2000,2000,2000,,,,,
Uklana,8/26/2024,0.2,Other,2000,2000,2000,,,,,
Uklana,8/27/2024,0.3,Other,2000,2000,2000,,,,,
Uklana,8/28/2024,0.2,Other,2000,2000,2000,,,,,
Uklana,8/29/2024,0.3,Other,2000,2000,2000,,,,,
Uklana,8/30/2024,0.4,Other,2000,2200,2200,,,,,
Uklana,8/31/2024,0.2,Other,1800,2000,2000,,,,,
Yamuna Nagar,8/1/2024,4.2,Other,1000,3500,2200,,,,,
Yamuna Nagar,8/2/2024,8.3,Other,600,3200,2400,,,,,
Yamuna Nagar,8/3/2024,25.5,Other,900,4500,2500,,,,,
Yamuna Nagar,8/8/2024,3,Other,1200,3500,2500,,,,,
Yamuna Nagar,8/9/2024,7.4,Other,500,3500,2000,,,,,
Yamuna Nagar,8/10/2024,9,Other,1000,3500,2400,,,,,
Yamuna Nagar,8/12/2024,8,Other,800,3500,2000,,,,,
Yamuna Nagar,8/13/2024,8,Other,1000,3500,1800,,,,,
Yamuna Nagar,8/14/2024,4.9,Other,1000,3500,2200,,,,,
Yamuna Nagar,8/15/2024,9.5,Other,1000,3500,2200,,,,,
Yamuna Nagar,8/16/2024,9.3,Other,1000,3500,2000,,,,,
Yamuna Nagar,8/19/2024,9.6,Other,700,3500,2200,,,,,
Yamuna Nagar,8/20/2024,7.1,Other,700,3500,1800,,,,,
Yamuna Nagar,8/21/2024,8.4,Other,1000,2700,1500,,,,,
Yamuna Nagar,8/23/2024,8.8,Other,600,2600,1500,,,,,
Yamuna Nagar,8/24/2024,9.2,Other,1000,2300,1500,,,,,
Yamuna Nagar,8/26/2024,12.35,Other,1000,2300,1400,,,,,
Yamuna Nagar,8/27/2024,6.6,Other,500,2500,1500,,,,,
Yamuna Nagar,8/29/2024,5.9,Other,500,3000,2000,,,,,
Yamuna Nagar,8/30/2024,8.4,Other,500,2000,1500,,,,,
Yamuna Nagar,8/31/2024,10.8,Other,500,1900,1400,,,,,
