Market,Arrival Date,Arrivals (Tonnes),Variety,Minimum Price(Rs./Quintal),Maximum Price(Rs./Quintal),Modal Price(Rs./Quintal)
Ambala Cantt.,5/8/2024,6.8,Other,700,1200,800
Ambala Cantt.,5/10/2024,8.9,Other,700,1200,800
Ambala Cantt.,5/15/2024,8.9,Other,700,1200,800
Ambala Cantt.,5/16/2024,8.5,Other,1000,1300,1200
Ambala Cantt.,5/17/2024,9.8,Other,700,1200,800
Ambala Cantt.,5/23/2024,8.7,Other,700,800,750
Ambala Cantt.,5/24/2024,8.9,Other,700,1200,1100
Ambala Cantt.,5/25/2024,1.5,Other,700,1200,1000
Ambala Cantt.,5/26/2024,8.8,Other,700,1200,800
Ambala Cantt.,5/28/2024,8.9,Other,700,1200,800
Ambala Cantt.,5/29/2024,2.5,Other,400,700,500
Ambala Cantt.,5/31/2024,9.5,Other,400,700,600
Ballabhgarh,5/2/2024,2.8,Other,1200,1500,1300
Ballabhgarh,5/6/2024,5,Other,1000,1700,1200
Ballabhgarh,5/7/2024,4.6,Other,700,1000,800
Ballabhgarh,5/8/2024,6,Other,1000,1400,1200
Ballabhgarh,5/9/2024,7,Other,1000,1400,1200
Ballabhgarh,5/12/2024,4,Other,800,1200,1000
Ballabhgarh,5/13/2024,3.5,Other,700,1000,800
Ballabhgarh,5/14/2024,8,Other,600,800,700
Ballabhgarh,5/17/2024,4.2,Other,800,1200,1000
Ballabhgarh,5/20/2024,5,Other,500,800,700
Ballabhgarh,5/21/2024,6.4,Other,800,1200,1000
Ballabhgarh,5/22/2024,3,Other,800,1200,1000
Ballabhgarh,5/23/2024,4.8,Other,1000,1400,1200
Ballabhgarh,5/24/2024,4.5,Other,1000,1500,1200
Ballabhgarh,5/25/2024,4,Other,1200,1600,1400
Ballabhgarh,5/26/2024,4.5,Other,700,1000,800
Ballabhgarh,5/28/2024,7,Other,1000,1200,1000
Ballabhgarh,5/29/2024,5.8,Other,1000,1200,1000
Ballabhgarh,5/30/2024,3.5,Other,700,1000,800
Ballabhgarh,5/31/2024,3.8,Other,800,1200,1000
Barara,5/1/2024,0.85,Other,1500,2000,1500
Barara,5/2/2024,1,Other,1300,1800,1300
Barara,5/3/2024,0.8,Other,1300,2000,1300
Barara,5/4/2024,0.9,Other,1500,1800,1500
Barara,5/6/2024,0.64,Other,1300,1600,1300
Barara,5/7/2024,1.23,Other,1200,1400,1200
Barara,5/8/2024,0.97,Other,1500,2000,1500
Barara,5/9/2024,1.4,Other,1500,1800,1500
Barara,5/10/2024,0.64,Other,1200,1600,1200
Barara,5/11/2024,0.85,Other,1300,1800,1300
Barara,5/13/2024,1.5,Other,1000,1200,1000
Barara,5/14/2024,0.8,Other,1100,1200,1100
Barara,5/15/2024,0.8,Other,1000,1400,1000
Barara,5/16/2024,0.6,Other,1000,1100,1000
Barara,5/17/2024,0.65,Other,1000,1500,1000
Barara,5/18/2024,0.5,Other,1000,1500,1200
Barara,5/20/2024,1,Other,1100,1500,1100
Barara,5/21/2024,1.2,Other,1000,1500,1000
Barara,5/22/2024,1,Other,1200,2000,1200
Barara,5/23/2024,1,Other,1000,1300,1300
Barara,5/24/2024,0.9,Other,1000,1500,1000
Barara,5/25/2024,1.2,Other,1200,1500,1200
Barara,5/27/2024,1,Other,1000,1200,1200
Barara,5/28/2024,0.6,Other,1000,1200,1000
Barara,5/29/2024,1.5,Other,1000,1200,1000
Barara,5/30/2024,0.8,Other,1000,1200,1000
Barara,5/31/2024,0.6,Other,1000,1500,1000
Barwala,5/1/2024,11,Other,1600,2000,1800
Barwala,5/2/2024,11,Other,1600,2000,1800
Barwala,5/3/2024,10,Other,1600,2000,1800
Barwala,5/4/2024,11,Other,1600,2000,1800
Barwala,5/5/2024,6,Other,1200,1400,1300
Barwala,5/6/2024,7,Other,1200,1400,1300
Barwala,5/7/2024,6,Other,1200,1400,1300
Barwala,5/8/2024,4,Other,1200,1500,1350
Barwala,5/9/2024,4,Other,1200,1500,1350
Barwala,5/10/2024,2,Other,1200,1600,1400
Barwala,5/11/2024,2,Other,1000,1500,1250
Barwala,5/12/2024,8,Other,1200,1500,1350
Barwala,5/13/2024,9.7,Other,1200,1500,1350
Barwala,5/14/2024,8,Other,1200,1500,1350
Barwala,5/15/2024,7,Other,1200,1600,1400
Barwala,5/16/2024,13.5,Other,1000,1400,1200
Barwala,5/17/2024,13.5,Other,1000,1400,1200
Barwala,5/18/2024,12,Other,1000,1400,1200
Barwala,5/19/2024,7,Other,800,1600,1200
Barwala,5/20/2024,7,Other,800,1400,1100
Barwala,5/21/2024,5,Other,1000,1500,1250
Barwala,5/22/2024,4,Other,1000,1500,1250
Barwala,5/23/2024,4,Other,1000,1500,1250
Barwala,5/24/2024,4,Other,1000,1500,1250
Barwala,5/25/2024,2,Other,1000,1500,1250
Barwala,5/26/2024,14,Other,800,1000,900
Barwala,5/27/2024,16,Other,800,1000,900
Barwala,5/28/2024,12,Other,800,1200,1000
Barwala,5/29/2024,11,Other,800,1200,1000
Barwala,5/30/2024,10,Other,800,1200,1000
Barwala,5/31/2024,8,Other,800,1200,1000
Barwala(Hisar),5/1/2024,2.8,Other,1700,2000,1900
Barwala(Hisar),5/2/2024,2.4,Other,1500,2000,1800
Barwala(Hisar),5/3/2024,3.9,Other,1750,2000,1900
Barwala(Hisar),5/4/2024,3.6,Other,1200,2000,1800
Barwala(Hisar),5/5/2024,2.2,Other,2000,2000,2000
Barwala(Hisar),5/6/2024,3.2,Other,1500,2000,1800
Barwala(Hisar),5/7/2024,2.9,Other,1400,1600,1500
Barwala(Hisar),5/8/2024,3.7,Other,1200,1500,1400
Barwala(Hisar),5/9/2024,3,Other,1200,1500,1400
Barwala(Hisar),5/10/2024,3,Other,1200,1500,1400
Barwala(Hisar),5/11/2024,4,Other,1200,1800,1600
Barwala(Hisar),5/12/2024,3.1,Other,1200,1500,1400
Barwala(Hisar),5/13/2024,3.1,Other,1200,1500,1400
Barwala(Hisar),5/14/2024,3.4,Other,400,500,500
Barwala(Hisar),5/15/2024,4.3,Other,600,800,700
Barwala(Hisar),5/16/2024,5.6,Other,500,1000,800
Barwala(Hisar),5/17/2024,5.8,Other,500,600,600
Barwala(Hisar),5/18/2024,4.3,Other,500,600,600
Barwala(Hisar),5/19/2024,4.1,Other,500,600,600
Barwala(Hisar),5/20/2024,4.6,Other,500,600,600
Barwala(Hisar),5/21/2024,3.3,Other,500,600,600
Barwala(Hisar),5/22/2024,4.4,Other,500,600,550
Barwala(Hisar),5/23/2024,4.1,Other,600,700,700
Barwala(Hisar),5/24/2024,2.8,Other,500,600,550
Barwala(Hisar),5/25/2024,3.2,Other,700,800,800
Barwala(Hisar),5/26/2024,3.6,Other,700,800,800
Barwala(Hisar),5/27/2024,3.4,Other,600,700,700
Barwala(Hisar),5/28/2024,4.3,Other,800,1000,900
Barwala(Hisar),5/29/2024,3.9,Other,800,1000,900
Barwala(Hisar),5/30/2024,3.9,Other,900,1000,1000
Ch. Dadri,5/7/2024,4.5,Other,600,1200,900
Ch. Dadri,5/8/2024,4.5,Other,300,1000,650
Ch. Dadri,5/9/2024,3.1,Other,600,1000,800
Ch. Dadri,5/10/2024,5.9,Other,700,1000,850
Ch. Dadri,5/11/2024,3.5,Other,500,1000,750
Ch. Dadri,5/12/2024,3.4,Other,500,1000,750
Ch. Dadri,5/13/2024,2.1,Other,800,1000,900
Ch. Dadri,5/15/2024,2.7,Other,500,800,650
Ch. Dadri,5/17/2024,4.5,Other,350,1500,925
Ch. Dadri,5/18/2024,2.1,Other,400,800,600
Ch. Dadri,5/19/2024,2.7,Other,500,800,650
Ch. Dadri,5/20/2024,2.9,Other,500,800,650
Ch. Dadri,5/21/2024,1.5,Other,350,500,425
Ch. Dadri,5/22/2024,4.5,Other,600,2000,1300
Ch. Dadri,5/23/2024,4.6,Other,700,1000,850
Ch. Dadri,5/24/2024,3.7,Other,700,1000,850
Ch. Dadri,5/25/2024,3.3,Other,700,1000,850
Ch. Dadri,5/26/2024,4,Other,700,1000,850
Ch. Dadri,5/27/2024,5.5,Other,400,1200,800
Ch. Dadri,5/29/2024,5.4,Other,400,1200,800
Ch. Dadri,5/30/2024,2.6,Other,800,1200,1000
Ch. Dadri,5/31/2024,2.3,Other,500,1200,850
Chhachrauli,5/1/2024,0.13,Tomato,2500,4000,2500
Chhachrauli,5/2/2024,0.1,Tomato,2500,4000,2500
Chhachrauli,5/3/2024,0.1,Tomato,2500,2800,2500
Chhachrauli,5/4/2024,0.1,Tomato,2500,2800,2500
Chhachrauli,5/5/2024,0.13,Tomato,2200,4000,2200
Chhachrauli,5/6/2024,0.18,Tomato,2000,4000,2000
Chhachrauli,5/8/2024,0.15,Tomato,1800,2000,1800
Chhachrauli,5/9/2024,0.1,Tomato,1800,2000,1800
Chhachrauli,5/10/2024,0.1,Tomato,1800,2000,1800
Chhachrauli,5/11/2024,0.1,Tomato,1800,2000,1800
Chhachrauli,5/12/2024,0.1,Tomato,1800,2000,1800
Chhachrauli,5/13/2024,0.1,Tomato,1800,2000,1800
Chhachrauli,5/14/2024,0.55,Tomato,800,3000,1500
Chhachrauli,5/15/2024,0.6,Tomato,800,2800,1500
Chhachrauli,5/16/2024,0.5,Tomato,800,2500,1500
Chhachrauli,5/17/2024,0.55,Tomato,800,2500,1200
Chhachrauli,5/18/2024,0.55,Tomato,800,2500,1000
Chhachrauli,5/19/2024,0.6,Tomato,1000,2500,1000
Chhachrauli,5/20/2024,0.5,Tomato,800,2800,1000
Chhachrauli,5/21/2024,0.55,Tomato,600,1000,1000
Chhachrauli,5/22/2024,0.6,Tomato,600,1000,600
Chhachrauli,5/23/2024,0.65,Tomato,600,800,600
Chhachrauli,5/24/2024,0.55,Tomato,600,1000,1000
Chhachrauli,5/25/2024,0.6,Tomato,600,1000,600
Chhachrauli,5/27/2024,0.55,Tomato,600,800,600
Chhachrauli,5/28/2024,0.4,Tomato,1000,1200,1000
Chhachrauli,5/29/2024,0.3,Tomato,800,800,800
Chhachrauli,5/30/2024,0.5,Tomato,800,1200,1000
Chhachrauli,5/31/2024,0.6,Tomato,800,1800,900
Dhand,5/1/2024,0.2,Deshi,1500,1700,1680
Dhand,5/2/2024,0.2,Deshi,1500,1700,1550
Dhand,5/3/2024,0.2,Deshi,2000,2200,2170
Dhand,5/4/2024,0.5,Deshi,1400,1500,1480
Dhand,5/5/2024,0.2,Deshi,1500,1700,1680
Dhand,5/6/2024,0.3,Deshi,1300,2000,1900
Dhand,5/7/2024,0.2,Deshi,1500,1800,1700
Dhand,5/8/2024,0.2,Deshi,1500,1800,1750
Dhand,5/9/2024,0.4,Deshi,1200,1500,1400
Dhand,5/10/2024,0.2,Deshi,1000,1200,1180
Dhand,5/11/2024,0.3,Deshi,800,1000,900
Dhand,5/12/2024,0.5,Deshi,1000,1100,1080
Dhand,5/13/2024,0.7,Deshi,700,1500,1200
Dhand,5/15/2024,0.2,Deshi,1500,1600,1580
Dhand,5/16/2024,0.5,Deshi,1000,1200,1180
Dhand,5/17/2024,0.2,Deshi,1000,1200,1150
Dhand,5/18/2024,0.6,Deshi,1100,1600,1500
Dhand,5/19/2024,0.3,Deshi,1000,1200,1170
Dhand,5/22/2024,0.2,Deshi,1500,1600,1580
Dhand,5/23/2024,0.3,Deshi,900,1000,980
Dhand,5/24/2024,0.2,Deshi,900,1000,980
Dhand,5/27/2024,0.5,Deshi,900,1000,970
Dhand,5/28/2024,0.2,Deshi,1500,1600,1580
Dhand,5/29/2024,0.5,Deshi,800,1000,950
Dhand,5/30/2024,0.2,Deshi,800,1000,950
Dhand,5/31/2024,0.5,Deshi,800,1000,950
Dharsul,5/5/2024,2,Deshi,1000,2000,2000
Dharsul,5/6/2024,2,Deshi,1500,2000,2000
Dharsul,5/7/2024,1,Deshi,1800,1800,1800
Dharsul,5/11/2024,2,Deshi,1000,1300,1300
Dharsul,5/13/2024,3,Deshi,1100,1400,1200
Dharsul,5/14/2024,3,Deshi,1200,1500,1300
Dharsul,5/16/2024,3,Deshi,1000,1200,1100
Dharsul,5/21/2024,3,Deshi,1000,1300,1100
Dharsul,5/28/2024,6,Deshi,400,600,500
Dharsul,5/29/2024,4,Deshi,400,600,500
Faridabad,5/19/2024,35.1,Other,500,1000,750
Farukh Nagar,5/1/2024,1.8,Other,1000,2000,1000
Farukh Nagar,5/3/2024,1.5,Other,1400,1500,1400
Farukh Nagar,5/4/2024,2.3,Other,1000,1200,1000
Farukh Nagar,5/5/2024,2.9,Other,1200,1500,1200
Farukh Nagar,5/6/2024,3.7,Other,1200,1500,1200
Farukh Nagar,5/7/2024,3.1,Other,1000,1500,1000
Farukh Nagar,5/8/2024,1.8,Other,1100,1500,1100
Farukh Nagar,5/10/2024,4.4,Other,1100,1500,1100
Farukh Nagar,5/11/2024,3.8,Other,1100,1500,1100
Farukh Nagar,5/12/2024,2.7,Other,1200,1500,1200
Farukh Nagar,5/13/2024,3.5,Other,1100,1500,1100
Farukh Nagar,5/15/2024,1.6,Other,2100,2500,2100
Farukh Nagar,5/16/2024,2.2,Other,1200,1500,1200
Farukh Nagar,5/17/2024,4.8,Other,800,1200,800
Farukh Nagar,5/18/2024,2.7,Other,900,1500,900
Farukh Nagar,5/19/2024,2.7,Other,900,1500,900
Farukh Nagar,5/20/2024,2.1,Other,1800,2400,1800
Farukh Nagar,5/21/2024,2,Other,2000,2400,2000
Farukh Nagar,5/24/2024,0.8,Other,1000,1500,1000
Farukh Nagar,5/25/2024,0.7,Other,900,1500,900
Farukh Nagar,5/26/2024,0.8,Other,900,1500,900
Farukh Nagar,5/27/2024,1.1,Other,900,1500,900
Farukh Nagar,5/28/2024,2.6,Other,900,1500,900
Farukh Nagar,5/30/2024,1.4,Other,1000,1500,1000
Farukh Nagar,5/31/2024,1.5,Other,1800,2500,1800
Fatehabad,5/2/2024,5.6,Other,2500,4500,3500
Fatehabad,5/3/2024,5.6,Other,2500,4000,3500
Fatehabad,5/6/2024,5.6,Other,2000,4500,2000
Fatehabad,5/8/2024,7.9,Other,1500,3500,2500
Fatehabad,5/9/2024,5.6,Other,2000,4000,3500
Fatehabad,5/12/2024,2.3,Other,2000,3000,2500
Fatehabad,5/13/2024,5.6,Other,2000,4500,2500
Fatehabad,5/14/2024,4.3,Other,2000,2000,2000
Fatehabad,5/16/2024,4.9,Other,2000,2000,2000
Fatehabad,5/17/2024,5.6,Other,3500,4200,4000
Fatehabad,5/20/2024,4.6,Other,2000,2000,2000
Fatehabad,5/22/2024,5.3,Other,2000,3000,2500
Fatehabad,5/23/2024,4.9,Other,2000,2000,2000
Fatehabad,5/26/2024,1.9,Other,2000,2000,2000
Fatehabad,5/27/2024,2.9,Other,2000,2000,2000
FerozpurZirkha(Nagina),5/1/2024,2.4,Other,600,1000,800
FerozpurZirkha(Nagina),5/2/2024,2.5,Other,800,1200,1000
FerozpurZirkha(Nagina),5/3/2024,2.2,Other,800,1200,1000
FerozpurZirkha(Nagina),5/4/2024,2.5,Other,800,1200,1000
FerozpurZirkha(Nagina),5/5/2024,2.5,Other,800,1200,1000
FerozpurZirkha(Nagina),5/6/2024,1.2,Other,800,1200,1000
FerozpurZirkha(Nagina),5/7/2024,2.5,Other,800,1200,1000
FerozpurZirkha(Nagina),5/8/2024,2,Other,800,1200,1000
FerozpurZirkha(Nagina),5/9/2024,2.2,Other,800,1200,1000
FerozpurZirkha(Nagina),5/10/2024,2,Other,800,1200,1000
FerozpurZirkha(Nagina),5/11/2024,2.5,Other,600,1000,800
FerozpurZirkha(Nagina),5/14/2024,1.8,Other,600,1000,800
FerozpurZirkha(Nagina),5/15/2024,2.5,Other,600,1000,800
FerozpurZirkha(Nagina),5/16/2024,2.8,Other,600,1000,800
FerozpurZirkha(Nagina),5/17/2024,2.8,Other,600,1000,800
FerozpurZirkha(Nagina),5/18/2024,1.8,Other,600,1000,800
FerozpurZirkha(Nagina),5/19/2024,2,Other,600,800,700
FerozpurZirkha(Nagina),5/20/2024,2,Other,600,800,700
FerozpurZirkha(Nagina),5/22/2024,2.2,Other,600,800,700
FerozpurZirkha(Nagina),5/23/2024,2,Other,600,1000,800
FerozpurZirkha(Nagina),5/24/2024,1.8,Other,600,1000,800
FerozpurZirkha(Nagina),5/27/2024,2,Other,600,1000,800
FerozpurZirkha(Nagina),5/28/2024,2.2,Other,600,1000,800
FerozpurZirkha(Nagina),5/29/2024,2,Other,600,800,700
FerozpurZirkha(Nagina),5/30/2024,2.2,Other,500,700,600
Ganaur,5/1/2024,3.15,Tomato,1500,2000,1800
Ganaur,5/2/2024,5.1,Tomato,1500,2000,1800
Ganaur,5/3/2024,2.3,Tomato,1500,2000,1800
Ganaur,5/4/2024,3.8,Tomato,1500,2000,1800
Ganaur,5/5/2024,1.1,Tomato,1500,2000,1800
Ganaur,5/6/2024,0.9,Tomato,1500,2000,1800
Ganaur,5/7/2024,1.4,Tomato,2000,2500,2200
Ganaur,5/8/2024,3.1,Tomato,1200,1400,1200
Ganaur,5/9/2024,2.4,Tomato,1200,1500,1400
Ganaur,5/10/2024,1.6,Tomato,1200,1500,1400
Ganaur,5/12/2024,1.5,Tomato,1000,1500,1200
Ganaur,5/13/2024,3,Tomato,1000,1200,1000
Ganaur,5/14/2024,3.5,Tomato,1000,1200,1200
Ganaur,5/15/2024,2.5,Tomato,1000,1200,1200
Ganaur,5/16/2024,2,Tomato,800,1000,1000
Ganaur,5/17/2024,2.2,Tomato,800,1000,1000
Ganaur,5/18/2024,1.4,Tomato,800,1000,1000
Ganaur,5/19/2024,1.5,Tomato,1000,1500,1200
Ganaur,5/20/2024,2,Tomato,1000,1200,1000
Ganaur,5/21/2024,1.8,Tomato,1000,1200,1200
Ganaur,5/22/2024,1.9,Tomato,1000,1200,1000
Ganaur,5/23/2024,2.7,Tomato,800,1000,1000
Ganaur,5/24/2024,2.2,Tomato,1000,1200,1200
Ganaur,5/25/2024,2,Tomato,1000,1200,1000
Ganaur,5/27/2024,2.8,Tomato,1000,1200,1200
Ganaur,5/28/2024,2.5,Tomato,1000,1200,1000
Ganaur,5/29/2024,2.3,Tomato,800,1000,1000
Ganaur,5/30/2024,2,Tomato,1000,1200,1000
Ganaur,5/31/2024,2,Tomato,1000,1200,1000
Gharaunda,5/1/2024,1.3,Other,1200,2000,2000
Gharaunda,5/2/2024,2.3,Other,1000,2000,2000
Gharaunda,5/3/2024,1.8,Other,1000,1600,1600
Gharaunda,5/4/2024,2,Other,900,1500,1500
Gharaunda,5/6/2024,1.1,Other,700,1200,1200
Gharaunda,5/7/2024,1.5,Other,600,1500,1500
Gharaunda,5/8/2024,1.6,Other,800,2000,2000
Gharaunda,5/10/2024,1.3,Other,800,1500,1500
Gharaunda,5/11/2024,1.4,Other,600,1600,1600
Gharaunda,5/13/2024,1.5,Other,800,1600,1600
Gharaunda,5/15/2024,2.3,Other,500,1500,1500
Gharaunda,5/16/2024,2,Other,600,1500,1500
Gharaunda,5/17/2024,3.5,Other,500,1500,1500
Gharaunda,5/18/2024,2.1,Other,400,1500,1500
Gharaunda,5/20/2024,2.1,Other,500,1000,1000
Gharaunda,5/21/2024,1.9,Other,500,1000,1000
Gharaunda,5/22/2024,1.5,Other,400,800,800
Gharaunda,5/23/2024,1.5,Other,400,1000,1000
Gharaunda,5/24/2024,1.4,Other,400,1500,1500
Gharaunda,5/25/2024,1.8,Other,500,1000,1000
Gharaunda,5/27/2024,2.3,Other,500,800,800
Gharaunda,5/28/2024,1.9,Other,500,1000,1000
Gharaunda,5/29/2024,2.4,Other,500,1500,1500
Gharaunda,5/30/2024,1.5,Other,400,1000,1000
Gharaunda,5/31/2024,1.9,Other,400,1000,1000
Gohana,5/1/2024,4.3,Tomato,1500,2000,1700
Gohana,5/2/2024,4.5,Tomato,1500,2200,2000
Gohana,5/3/2024,2.3,Tomato,1500,2000,1800
Gohana,5/4/2024,2.6,Tomato,1000,1600,1200
Gohana,5/6/2024,4.3,Tomato,1200,1400,1400
Gohana,5/7/2024,3.8,Tomato,1200,1500,1400
Gohana,5/8/2024,4.1,Tomato,1000,1500,1200
Gohana,5/9/2024,2.9,Tomato,1000,2000,1200
Gohana,5/10/2024,3.8,Tomato,1000,1500,1200
Gohana,5/11/2024,4.5,Tomato,1000,1500,1200
Gohana,5/12/2024,5.3,Tomato,1000,1200,1100
Gohana,5/13/2024,2.6,Tomato,800,1200,1000
Gohana,5/14/2024,3.5,Tomato,800,1200,1000
Gohana,5/15/2024,3.7,Tomato,800,1200,1000
Gohana,5/17/2024,5.7,Tomato,600,1000,800
Gohana,5/18/2024,3.7,Tomato,600,1000,800
Gohana,5/20/2024,3.6,Tomato,800,1200,1000
Gohana,5/21/2024,4,Tomato,800,1000,900
Gohana,5/22/2024,3.9,Tomato,800,1000,900
Gohana,5/23/2024,4.6,Tomato,800,1200,1000
Gohana,5/27/2024,4.8,Tomato,600,1000,800
Gohana,5/29/2024,5.4,Tomato,800,1200,1000
Gohana,5/30/2024,6.4,Tomato,600,1000,800
Gohana,5/31/2024,7.1,Tomato,600,1200,800
Gurgaon,5/2/2024,56.5,Other,1000,1200,1100
Gurgaon,5/3/2024,52.5,Other,1000,1200,1100
Gurgaon,5/4/2024,45.2,Other,1000,1400,1200
Gurgaon,5/5/2024,54.5,Other,1000,1400,1200
Gurgaon,5/6/2024,49.5,Other,1000,1400,1200
Gurgaon,5/7/2024,51.2,Other,1000,1400,1200
Gurgaon,5/8/2024,41.2,Other,1000,1200,1100
Gurgaon,5/9/2024,52.4,Other,1000,1400,1200
Gurgaon,5/10/2024,34.7,Other,1000,1100,1050
Gurgaon,5/11/2024,45.2,Other,1000,1400,1200
Gurgaon,5/12/2024,54.3,Other,800,1200,1000
Gurgaon,5/13/2024,56.6,Other,700,900,800
Gurgaon,5/14/2024,42,Other,700,900,800
Gurgaon,5/15/2024,43.6,Other,1000,1400,1200
Gurgaon,5/16/2024,38.2,Other,700,900,800
Gurgaon,5/17/2024,45.5,Other,800,1200,1000
Gurgaon,5/18/2024,52.5,Other,1000,1400,1200
Gurgaon,5/19/2024,35.6,Other,1000,1400,1200
Gurgaon,5/20/2024,32.5,Other,1000,1200,1100
Gurgaon,5/21/2024,36.5,Other,1000,1400,1200
Gurgaon,5/22/2024,34.6,Other,1000,1400,1200
Gurgaon,5/23/2024,45.2,Other,1000,1200,1100
Gurgaon,5/24/2024,43.4,Other,1000,1400,1200
Gurgaon,5/26/2024,45.5,Other,1000,1200,1100
Gurgaon,5/27/2024,23.8,Other,800,1000,900
Gurgaon,5/29/2024,34.5,Other,800,1000,900
Gurgaon,5/30/2024,34.7,Other,1000,1200,1100
Gurgaon,5/31/2024,25.1,Other,1000,1400,1200
Hansi,5/1/2024,6.7,Other,1300,1500,1400
Hansi,5/2/2024,8.1,Other,1500,2000,1800
Hansi,5/3/2024,10.4,Other,1200,1500,1300
Hansi,5/4/2024,8.8,Other,1000,1000,1000
Hansi,5/5/2024,8.6,Other,1000,1000,1000
Hansi,5/6/2024,7.5,Other,1000,1200,1100
Hansi,5/7/2024,9.2,Other,1000,1200,1100
Hansi,5/8/2024,9.4,Other,1000,1200,1100
Hansi,5/9/2024,11,Other,1000,1000,1000
Hansi,5/11/2024,15.8,Other,800,800,800
Hansi,5/12/2024,21.8,Other,400,400,400
Hansi,5/13/2024,29.1,Other,400,400,400
Hansi,5/14/2024,24.9,Other,400,400,400
Hansi,5/15/2024,23.1,Other,400,500,400
Hansi,5/16/2024,21.3,Other,400,400,400
Hansi,5/17/2024,21.9,Other,400,400,400
Hansi,5/18/2024,21.1,Other,300,400,300
Hansi,5/19/2024,16.2,Other,300,400,300
Hansi,5/20/2024,14.9,Other,300,400,300
Hansi,5/21/2024,11.5,Other,400,400,400
Hansi,5/22/2024,11.1,Other,400,500,400
Hansi,5/23/2024,17,Other,400,500,400
Hansi,5/24/2024,13.9,Other,400,500,400
Hansi,5/26/2024,7,Other,400,500,400
Hansi,5/27/2024,12.1,Other,400,500,500
Hansi,5/28/2024,13.3,Other,400,500,450
Hansi,5/29/2024,15.2,Other,400,500,400
Hansi,5/30/2024,14.9,Other,400,500,400
Hansi,5/31/2024,11.8,Other,400,500,500
Hissar,5/1/2024,19.1,Other,1000,1400,1200
Hissar,5/2/2024,22.7,Other,1000,1400,1400
Hissar,5/3/2024,25,Other,1000,1500,1400
Hissar,5/4/2024,21.9,Other,800,1200,1100
Hissar,5/5/2024,13.6,Other,1000,1400,1400
Hissar,5/6/2024,10.8,Other,800,1200,1200
Hissar,5/7/2024,21.8,Other,800,1000,1000
Hissar,5/8/2024,20.3,Other,1000,1200,1200
Hissar,5/9/2024,20.5,Other,600,1000,900
Hissar,5/10/2024,16.9,Other,600,1000,850
Hissar,5/11/2024,18.4,Other,600,1000,850
Hissar,5/12/2024,14.7,Other,800,1000,1000
Hissar,5/13/2024,16.2,Other,600,900,800
Hissar,5/14/2024,16.9,Other,500,800,800
Hissar,5/15/2024,16.2,Other,500,600,600
Hissar,5/16/2024,20,Other,500,600,600
Hissar,5/17/2024,5,Other,500,600,600
Hissar,5/18/2024,11.4,Other,500,600,600
Hissar,5/19/2024,13.6,Other,500,600,600
Hissar,5/20/2024,13.1,Other,400,500,500
Hissar,5/21/2024,12.3,Other,400,500,500
Hissar,5/22/2024,13.1,Other,500,700,700
Hissar,5/23/2024,12.6,Other,500,700,700
Hissar,5/26/2024,14.5,Other,500,700,700
Hissar,5/27/2024,16.8,Other,500,700,700
Hissar,5/28/2024,15.3,Other,500,600,600
Hissar,5/29/2024,11.9,Other,500,900,700
Hissar,5/30/2024,19.6,Other,600,900,800
Hodal,5/4/2024,0.5,Hybrid,800,1000,900
Hodal,5/7/2024,1.7,Hybrid,700,900,800
Hodal,5/9/2024,1.1,Hybrid,900,1100,1000
Hodal,5/10/2024,1.6,Hybrid,1000,1200,1100
Hodal,5/13/2024,2,Hybrid,1100,1300,1200
Hodal,5/14/2024,3.3,Hybrid,600,800,700
Hodal,5/17/2024,1,Hybrid,800,1000,900
Hodal,5/18/2024,1.1,Hybrid,500,700,600
Hodal,5/19/2024,1.7,Hybrid,500,700,600
Hodal,5/20/2024,2.7,Hybrid,500,700,600
Hodal,5/22/2024,0.9,Hybrid,500,700,600
Hodal,5/23/2024,1.2,Hybrid,500,800,700
Hodal,5/25/2024,3.4,Hybrid,700,1200,900
Hodal,5/28/2024,1.7,Deshi,500,1000,700
Hodal,5/29/2024,2.6,Deshi,600,1000,700
Indri,5/29/2024,1.6,Other,900,1200,1100
Jagadhri,5/3/2024,1,Other,1200,2000,1500
Jagadhri,5/6/2024,1.9,Other,1000,1600,1300
Jagadhri,5/8/2024,2.72,Other,800,2000,1400
Jagadhri,5/9/2024,2.5,Other,800,1500,1150
Jagadhri,5/10/2024,2,Other,800,1200,1000
Jagadhri,5/15/2024,2,Other,500,600,550
Jagadhri,5/16/2024,1.89,Other,500,600,550
Jagadhri,5/17/2024,3,Other,300,600,450
Jagadhri,5/18/2024,2.75,Other,400,800,600
Jagadhri,5/20/2024,3.2,Other,400,800,600
Jagadhri,5/21/2024,2.92,Other,500,1000,750
Jagadhri,5/22/2024,2.2,Other,400,800,600
Jagadhri,5/23/2024,2.1,Other,500,1000,750
Jagadhri,5/24/2024,4.21,Other,500,1000,750
Jagadhri,5/27/2024,2.27,Other,600,1000,800
Jagadhri,5/28/2024,2.44,Other,500,800,650
Jagadhri,5/29/2024,3.56,Other,400,1000,700
Jagadhri,5/30/2024,3.12,Other,400,700,550
Jagadhri,5/31/2024,2.4,Other,500,800,650
Jakhal,5/1/2024,0.1,Other,1700,1700,1700
Jakhal,5/3/2024,0.3,Other,2200,2500,2500
Jakhal,5/4/2024,0.4,Other,1800,2000,2000
Jakhal,5/5/2024,0.2,Other,1700,1900,1900
Jakhal,5/6/2024,0.2,Other,1700,2000,2000
Jakhal,5/7/2024,0.1,Other,1800,1800,1800
Jakhal,5/10/2024,0.2,Other,1500,1500,1500
Jakhal,5/11/2024,0.2,Other,1600,1600,1600
Jakhal,5/12/2024,0.5,Other,1200,1800,1800
Jakhal,5/13/2024,0.5,Other,1300,1300,1300
Jakhal,5/14/2024,0.3,Other,1000,2000,2000
Jakhal,5/16/2024,0.3,Other,1000,1300,1300
Jakhal,5/17/2024,0.3,Other,1000,1000,1000
Jakhal,5/18/2024,0.4,Other,1000,1000,1000
Jakhal,5/19/2024,0.3,Other,1100,1500,1500
Jakhal,5/20/2024,0.6,Other,900,1000,1000
Jakhal,5/21/2024,0.9,Other,900,1100,1100
Jakhal,5/22/2024,0.4,Other,1000,1500,1500
Jakhal,5/24/2024,0.6,Other,700,1000,1000
Jakhal,5/25/2024,0.6,Other,800,800,800
Jakhal,5/27/2024,0.2,Other,600,600,600
Jakhal,5/28/2024,0.4,Other,600,700,700
Jakhal,5/29/2024,0.2,Other,500,500,500
Jakhal,5/30/2024,0.7,Other,700,700,700
Jakhal,5/31/2024,0.2,Other,500,500,500
Jhajjar,5/1/2024,11.5,Other,1400,1600,1500
Jhajjar,5/3/2024,4.5,Other,1300,1500,1400
Jhajjar,5/4/2024,6.7,Other,1300,1500,1400
Jhajjar,5/5/2024,7.5,Other,1100,1300,1200
Jhajjar,5/7/2024,2,Other,1800,2200,2000
Jhajjar,5/9/2024,6.2,Other,1400,1600,1500
Jhajjar,5/10/2024,5.3,Other,1400,1600,1500
Jhajjar,5/11/2024,9.2,Other,1100,1300,1200
Jhajjar,5/12/2024,6,Other,1100,1300,1200
Jhajjar,5/13/2024,6.4,Other,1100,1300,1200
Jhajjar,5/14/2024,7.6,Other,1100,1300,1200
Jhajjar,5/15/2024,4.8,Other,1100,1300,1200
Jhajjar,5/16/2024,4.1,Other,1100,1300,1200
Jhajjar,5/17/2024,8.6,Other,1100,1300,1200
Jhajjar,5/18/2024,5.3,Other,1100,1300,1200
Jhajjar,5/20/2024,5.5,Other,900,1100,1000
Jhajjar,5/21/2024,3.1,Other,900,1100,1000
Jhajjar,5/22/2024,4.4,Other,900,1100,1000
Jhajjar,5/23/2024,7.4,Other,1400,1600,1500
Jhajjar,5/24/2024,5.7,Other,1400,1600,1500
Jhajjar,5/25/2024,7.6,Other,900,1100,1000
Jhajjar,5/26/2024,6.8,Other,900,1100,1000
Jhajjar,5/28/2024,8.7,Other,900,1100,1000
Jhajjar,5/29/2024,8.5,Other,900,1100,1000
Jhajjar,5/30/2024,3.4,Other,900,1100,1000
Jhajjar,5/31/2024,5.3,Other,900,1100,1000
Jind,5/2/2024,8.5,Other,1500,1900,1850
Jind,5/6/2024,8.5,Other,1200,1500,1450
Jind,5/8/2024,9.3,Other,1000,1500,1400
Jind,5/10/2024,8.6,Other,1200,1600,1400
Jind,5/11/2024,8,Other,1000,2000,1800
Jind,5/12/2024,13.5,Other,1000,1200,1150
Jind,5/13/2024,12.5,Other,1000,1200,1150
Jind,5/17/2024,12,Other,800,1200,1150
Jind,5/18/2024,11,Other,800,1000,950
Jind,5/19/2024,11,Other,800,1000,950
Jind,5/20/2024,11,Other,800,1000,950
Jind,5/24/2024,7.5,Other,800,1000,950
Jind,5/27/2024,9,Other,800,1000,950
Jind,5/29/2024,7.5,Other,800,1000,950
Jind,5/30/2024,12,Other,800,1000,950
kalanwali,5/2/2024,0.5,Other,2000,2000,2000
kalanwali,5/3/2024,0.3,Other,2000,2000,2000
kalanwali,5/4/2024,0.2,Other,2100,2100,2100
kalanwali,5/7/2024,0.3,Other,1800,1800,1800
kalanwali,5/9/2024,0.7,Other,1000,1000,1000
kalanwali,5/15/2024,0.4,Other,1000,1000,1000
kalanwali,5/16/2024,0.9,Other,800,1000,1000
kalanwali,5/17/2024,1.1,Other,1000,1000,1000
kalanwali,5/23/2024,0.6,Other,1000,1000,1000
kalanwali,5/24/2024,1.1,Other,1000,1000,1000
kalanwali,5/27/2024,0.2,Other,1200,1200,1200
kalanwali,5/31/2024,0.9,Other,1000,1000,1000
Khanina,5/15/2024,0.3,Other,500,500,500
Khanina,5/16/2024,0.2,Other,500,500,500
Khanina,5/20/2024,0.3,Other,800,1000,1000
Khanina,5/21/2024,0.3,Other,1000,1000,1000
Kosli,5/2/2024,0.3,Other,1500,2200,2000
Kosli,5/3/2024,0.3,Other,1500,2200,2000
Kosli,5/4/2024,0.1,Other,1500,1500,1500
Kosli,5/5/2024,0.2,Other,1000,1000,1000
Kosli,5/6/2024,0.2,Other,1500,1500,1500
Kosli,5/7/2024,0.4,Other,800,1200,1000
Kosli,5/9/2024,0.3,Other,1500,1500,1500
Kosli,5/10/2024,0.3,Other,1500,1500,1500
Kosli,5/11/2024,0.3,Other,1000,1000,1000
Kosli,5/12/2024,0.2,Other,1000,1000,1000
Kosli,5/13/2024,0.2,Other,500,500,500
Kosli,5/14/2024,0.3,Other,500,800,600
Kosli,5/15/2024,0.3,Other,600,1000,800
Kosli,5/16/2024,0.2,Other,800,800,800
Kosli,5/17/2024,0.2,Other,800,1000,900
Kosli,5/19/2024,0.4,Other,500,600,600
Kosli,5/20/2024,0.2,Other,500,500,500
Kosli,5/21/2024,0.2,Other,600,600,600
Kosli,5/22/2024,0.2,Other,600,800,800
Kosli,5/23/2024,0.4,Other,500,600,600
Kosli,5/24/2024,0.2,Other,800,800,800
Kosli,5/26/2024,0.4,Other,700,700,700
Kosli,5/27/2024,0.2,Other,700,700,700
Kosli,5/28/2024,0.3,Other,500,600,500
Kosli,5/29/2024,0.3,Other,600,800,700
Kosli,5/30/2024,0.1,Other,1000,1000,1000
Kosli,5/31/2024,0.3,Other,1000,1000,1000
Ladwa,5/1/2024,0.9,Tomato,1500,2000,1800
Ladwa,5/2/2024,1.4,Tomato,1500,2000,1800
Ladwa,5/3/2024,1.7,Tomato,1500,2000,1800
Ladwa,5/4/2024,1.4,Tomato,1500,1500,1500
Ladwa,5/5/2024,1.4,Tomato,1000,1500,1200
Ladwa,5/6/2024,0.7,Tomato,1200,1500,1400
Ladwa,5/7/2024,0.8,Tomato,1000,1500,1200
Ladwa,5/8/2024,1,Tomato,1000,1200,1100
Ladwa,5/9/2024,0.4,Tomato,1200,1500,1400
Ladwa,5/10/2024,1,Tomato,1200,1500,1400
Ladwa,5/11/2024,0.5,Tomato,1000,1500,1200
Ladwa,5/12/2024,0.9,Tomato,1200,1500,1400
Ladwa,5/13/2024,1.3,Tomato,1000,1200,1100
Ladwa,5/14/2024,1.5,Tomato,500,600,550
Ladwa,5/15/2024,0.5,Tomato,800,1000,900
Ladwa,5/16/2024,0.2,Tomato,500,600,550
Ladwa,5/17/2024,1.6,Tomato,800,1000,900
Ladwa,5/18/2024,1.4,Tomato,700,1000,900
Ladwa,5/19/2024,0.9,Tomato,600,800,700
Ladwa,5/20/2024,0.9,Tomato,500,800,700
Ladwa,5/21/2024,0.4,Tomato,500,800,700
Ladwa,5/22/2024,0.5,Tomato,700,800,750
Ladwa,5/24/2024,0.5,Tomato,700,900,800
Ladwa,5/25/2024,0.3,Tomato,800,900,850
Ladwa,5/27/2024,0.3,Tomato,1000,1500,1200
Ladwa,5/28/2024,1.3,Tomato,800,1000,900
Ladwa,5/29/2024,1.7,Tomato,1000,1500,1200
Ladwa,5/30/2024,1.4,Tomato,800,1000,900
Ladwa,5/31/2024,0.7,Tomato,1000,1200,1100
Madlauda,5/1/2024,0.55,Other,1000,1000,1000
Madlauda,5/2/2024,0.52,Other,1000,1500,1250
Madlauda,5/4/2024,0.45,Other,1200,1300,1250
Madlauda,5/5/2024,1.15,Other,1000,1100,1050
Madlauda,5/6/2024,0.45,Other,1000,1000,1000
Madlauda,5/7/2024,0.85,Other,1000,1200,1100
Madlauda,5/8/2024,0.5,Other,1000,1100,1000
Madlauda,5/9/2024,0.9,Other,1000,1000,1000
Madlauda,5/12/2024,0.65,Other,800,1000,900
Madlauda,5/13/2024,0.65,Other,600,600,600
Madlauda,5/14/2024,1.2,Other,500,500,500
Madlauda,5/15/2024,1,Other,400,500,450
Madlauda,5/16/2024,0.8,Other,600,600,600
Madlauda,5/17/2024,0.6,Other,700,700,700
Madlauda,5/19/2024,0.85,Other,400,500,450
Madlauda,5/21/2024,0.37,Other,500,600,550
Madlauda,5/22/2024,0.6,Other,400,600,400
Madlauda,5/24/2024,0.85,Other,500,700,600
Madlauda,5/27/2024,2,Other,400,1000,700
Madlauda,5/28/2024,0.8,Other,500,500,500
Madlauda,5/29/2024,0.6,Other,600,600,600
Madlauda,5/30/2024,0.6,Other,500,600,500
Madlauda,5/31/2024,1.1,Other,500,800,650
Meham,5/1/2024,1,Deshi,2000,2000,2000
Meham,5/2/2024,1,Deshi,1200,1500,1300
Meham,5/3/2024,1.3,Deshi,600,1000,800
Meham,5/4/2024,1.5,Deshi,1000,1000,1000
Meham,5/6/2024,0.8,Deshi,1000,1200,1100
Meham,5/7/2024,1,Deshi,1800,2000,1900
Meham,5/8/2024,0.5,Deshi,1400,1400,1400
Meham,5/9/2024,1.5,Deshi,1000,1500,1200
Meham,5/10/2024,1,Deshi,1000,1000,1000
Meham,5/11/2024,1.2,Deshi,1000,1000,1000
Meham,5/13/2024,0.9,Deshi,800,1000,900
Meham,5/14/2024,0.9,Deshi,800,1000,900
Meham,5/15/2024,0.5,Deshi,600,600,600
Meham,5/16/2024,0.7,Deshi,2000,2000,2000
Meham,5/17/2024,1,Deshi,500,500,500
Meham,5/18/2024,1,Deshi,600,600,600
Meham,5/20/2024,1.5,Deshi,700,800,750
Meham,5/21/2024,1.3,Deshi,700,1000,800
Meham,5/22/2024,0.5,Deshi,900,900,900
Meham,5/23/2024,2,Deshi,400,500,450
Meham,5/24/2024,0.5,Deshi,600,600,600
Meham,5/25/2024,0.5,Deshi,1200,1500,1300
Meham,5/27/2024,1.5,Deshi,500,800,600
Meham,5/28/2024,1,Deshi,600,800,700
Meham,5/29/2024,2.5,Deshi,500,1000,800
Meham,5/30/2024,2,Deshi,800,800,800
Meham,5/31/2024,1.5,Deshi,800,800,800
Mohindergarh,5/1/2024,3,Tomato,1000,1200,1000
Mohindergarh,5/2/2024,4.35,Tomato,1000,1200,1000
Mohindergarh,5/3/2024,3.7,Tomato,1000,1200,1000
Mohindergarh,5/4/2024,3.6,Tomato,1000,1000,1000
Mohindergarh,5/5/2024,2.8,Tomato,1000,1200,1000
Mohindergarh,5/6/2024,3.5,Tomato,1000,1200,1200
Mohindergarh,5/7/2024,5.3,Tomato,1000,1200,1000
Mohindergarh,5/9/2024,3.5,Tomato,800,1200,1000
Mohindergarh,5/10/2024,4.4,Tomato,800,1200,1000
Mohindergarh,5/11/2024,2.9,Tomato,1000,1000,1000
Mohindergarh,5/12/2024,5.8,Tomato,700,1000,800
Mohindergarh,5/13/2024,3.3,Tomato,800,1000,1000
Mohindergarh,5/14/2024,2.5,Tomato,800,1000,1000
Mohindergarh,5/15/2024,5.5,Tomato,700,1100,800
Mohindergarh,5/16/2024,2.8,Tomato,800,1000,800
Mohindergarh,5/17/2024,4.6,Tomato,700,800,800
Mohindergarh,5/18/2024,7.1,Tomato,800,900,800
Mohindergarh,5/20/2024,0.5,Tomato,900,900,900
Mohindergarh,5/21/2024,3.9,Tomato,1000,1200,1000
Mohindergarh,5/22/2024,1.9,Tomato,1000,1500,1200
Mohindergarh,5/23/2024,5.5,Tomato,1000,1500,1200
Mohindergarh,5/24/2024,3.1,Tomato,1000,1500,1200
Mohindergarh,5/26/2024,5.5,Tomato,800,1000,1000
Mohindergarh,5/27/2024,3.2,Tomato,1000,1000,1000
Mohindergarh,5/28/2024,4.8,Tomato,800,1000,1000
Mohindergarh,5/29/2024,4.6,Tomato,800,1000,1000
Mohindergarh,5/30/2024,4.8,Tomato,800,1000,1000
Mustafabad,5/1/2024,0.2,Other,2000,2200,2000
Mustafabad,5/2/2024,0.2,Other,1800,2200,2000
Mustafabad,5/3/2024,0.2,Other,1800,2000,2000
Mustafabad,5/4/2024,0.21,Other,1800,2000,1900
Mustafabad,5/5/2024,0.13,Other,1800,1900,1800
Mustafabad,5/6/2024,0.14,Other,1800,2000,2000
Mustafabad,5/7/2024,0.16,Other,1800,2200,2000
Mustafabad,5/9/2024,0.12,Other,1600,2000,1800
Mustafabad,5/10/2024,0.12,Other,1800,2000,1800
Mustafabad,5/11/2024,0.13,Other,1500,2000,1800
Mustafabad,5/12/2024,0.12,Other,1600,2000,1800
Mustafabad,5/13/2024,0.11,Other,1600,1800,1800
Mustafabad,5/14/2024,0.12,Other,1600,1800,1600
Mustafabad,5/18/2024,0.12,Other,1600,1800,1800
Mustafabad,5/20/2024,0.12,Other,1500,1600,1600
Mustafabad,5/21/2024,0.13,Other,1600,2000,1800
Mustafabad,5/22/2024,0.12,Other,1600,2000,1800
Mustafabad,5/23/2024,0.11,Other,1600,2000,1600
Mustafabad,5/28/2024,0.12,Other,1600,2000,1600
Mustafabad,5/31/2024,0.11,Other,1500,2000,1600
Naraingarh,5/1/2024,2.71,Tomato,600,1500,1200
Naraingarh,5/2/2024,1.53,Tomato,1000,1500,1300
Naraingarh,5/3/2024,1.68,Tomato,800,1800,1200
Naraingarh,5/4/2024,3.08,Tomato,1000,1600,1400
Naraingarh,5/6/2024,2.66,Tomato,800,1500,1100
Naraingarh,5/7/2024,1.77,Tomato,1000,1600,1400
Naraingarh,5/8/2024,2.26,Tomato,400,1200,1000
Naraingarh,5/9/2024,2.51,Tomato,500,1200,1000
Naraingarh,5/10/2024,2.73,Tomato,400,1400,1000
Naraingarh,5/11/2024,3.55,Tomato,600,1200,1000
Naraingarh,5/13/2024,2.76,Tomato,500,1600,1200
Naraingarh,5/14/2024,1.97,Tomato,800,1200,1000
Naraingarh,5/15/2024,3.2,Tomato,350,1200,800
Naraingarh,5/16/2024,2.85,Tomato,500,800,600
Naraingarh,5/17/2024,2.71,Tomato,200,900,700
Naraingarh,5/18/2024,4,Tomato,200,1000,700
Naraingarh,5/20/2024,2.88,Tomato,600,1200,1000
Naraingarh,5/21/2024,3.45,Tomato,300,1200,700
Naraingarh,5/22/2024,2.87,Tomato,500,1000,850
Naraingarh,5/23/2024,2.99,Tomato,300,1000,700
Naraingarh,5/24/2024,3.32,Tomato,250,1000,800
Naraingarh,5/25/2024,3.36,Tomato,300,1000,800
Naraingarh,5/27/2024,2.77,Tomato,300,1000,800
Naraingarh,5/28/2024,2.57,Tomato,500,1200,800
Naraingarh,5/29/2024,3.27,Tomato,400,1000,800
Naraingarh,5/30/2024,3.4,Tomato,300,1000,700
Naraingarh,5/31/2024,3.51,Tomato,300,1000,700
Narnaul,5/1/2024,6.5,Other,1000,1500,1200
Narnaul,5/2/2024,5.3,Other,1000,1500,1500
Narnaul,5/3/2024,5,Other,1000,1500,1200
Narnaul,5/4/2024,3.6,Other,1000,1500,1500
Narnaul,5/5/2024,6.7,Other,1000,1500,1100
Narnaul,5/6/2024,4.1,Other,1000,1200,1100
Narnaul,5/7/2024,6.6,Other,1000,1500,1200
Narnaul,5/8/2024,3.7,Other,1000,1500,1500
Narnaul,5/9/2024,8,Other,800,1300,1200
Narnaul,5/11/2024,6.5,Other,800,1200,1000
Narnaul,5/12/2024,4.8,Other,500,1000,800
Narnaul,5/13/2024,5.7,Other,600,1000,800
Narnaul,5/14/2024,9.3,Other,500,1000,800
Narnaul,5/15/2024,6.2,Other,500,1000,800
Narnaul,5/16/2024,8.3,Other,500,1000,800
Narnaul,5/17/2024,6.9,Other,500,800,600
Narnaul,5/18/2024,7.7,Other,500,1000,700
Narnaul,5/19/2024,10.4,Other,500,1000,800
Narnaul,5/20/2024,5.7,Other,600,1000,800
Narnaul,5/21/2024,6.7,Other,500,800,700
Narnaul,5/22/2024,8.1,Other,600,800,700
Narnaul,5/24/2024,6.2,Other,700,1000,800
Narnaul,5/25/2024,0.7,Other,800,1000,1000
Narnaul,5/26/2024,7,Other,800,1000,1000
Narnaul,5/27/2024,7.3,Other,600,1000,800
Narnaul,5/28/2024,7.4,Other,600,1000,800
Narnaul,5/29/2024,5.1,Other,600,1000,800
Narnaul,5/30/2024,4.7,Other,600,1000,800
Narnaul,5/31/2024,6.6,Other,500,1000,800
Narwana,5/1/2024,1.8,Other,1500,1500,1500
Narwana,5/2/2024,2,Other,1500,1500,1500
Narwana,5/3/2024,2,Other,1500,1500,1500
Narwana,5/4/2024,2.2,Other,1200,2000,1500
Narwana,5/5/2024,6,Other,1000,1200,1100
Narwana,5/6/2024,1.4,Other,1200,2000,1800
Narwana,5/7/2024,1.3,Other,1500,1500,1500
Narwana,5/8/2024,1,Other,1200,2000,1500
Narwana,5/9/2024,2.1,Other,1500,2000,1800
Narwana,5/10/2024,2.6,Other,1000,2000,2000
Narwana,5/11/2024,1.7,Other,1000,1500,1250
Narwana,5/12/2024,2.2,Other,1000,1250,1250
Narwana,5/13/2024,1,Other,800,1000,900
Narwana,5/14/2024,2.5,Other,800,1200,1000
Narwana,5/15/2024,2.5,Other,1000,1000,1000
Narwana,5/16/2024,2.1,Other,800,1000,900
Narwana,5/17/2024,2.1,Other,700,1000,800
Narwana,5/18/2024,1.4,Other,600,1000,800
Narwana,5/19/2024,1.7,Other,600,1000,800
Narwana,5/20/2024,1.6,Other,700,1000,800
Narwana,5/21/2024,1.2,Other,700,1000,1000
Narwana,5/22/2024,1.2,Other,1000,1000,1000
Narwana,5/23/2024,6,Other,1600,1600,1600
Narwana,5/24/2024,1.7,Other,700,1000,800
Narwana,5/25/2024,3.3,Other,1000,1200,1100
Narwana,5/26/2024,0.7,Other,1000,1000,1000
Narwana,5/27/2024,2.5,Other,1000,1000,1000
Narwana,5/28/2024,1.2,Other,1000,1000,1000
Narwana,5/29/2024,1.8,Other,1000,1000,1000
Narwana,5/30/2024,1.8,Other,1000,1000,1000
"New Grain Market , Faridabad",5/3/2024,21,Deshi,800,1200,1000
"New Grain Market , Faridabad",5/9/2024,47.1,Deshi,800,1500,1150
"New Grain Market , Faridabad",5/10/2024,26.8,Deshi,800,1500,1150
"New Grain Market , Faridabad",5/11/2024,30.9,Deshi,800,1000,900
"New Grain Market , Faridabad",5/12/2024,47.6,Deshi,500,1200,850
"New Grain Market , Faridabad",5/13/2024,26.8,Deshi,1000,1500,1250
"New Grain Market , Faridabad",5/15/2024,55.6,Deshi,400,1000,700
"New Grain Market , Faridabad",5/24/2024,40,Deshi,400,1000,700
"New Grain Market , Faridabad",5/29/2024,39,Deshi,500,1500,1000
"New Grain Market , Panchkula",5/1/2024,1,Other,2500,3500,3000
"New Grain Market , Panchkula",5/3/2024,1,Other,2500,3500,3000
"New Grain Market , Panchkula",5/4/2024,1,Other,2500,3500,3000
"New Grain Market , Panchkula",5/5/2024,1,Other,2500,3500,3000
"New Grain Market , Panchkula",5/6/2024,1,Other,2500,3500,3000
"New Grain Market , Panchkula",5/7/2024,1,Other,2500,3500,3000
"New Grain Market , Panchkula",5/10/2024,1,Other,2500,3500,3000
"New Grain Market , Panchkula",5/13/2024,1,Other,2500,3500,3000
"New Grain Market , Panchkula",5/14/2024,1,Other,2500,3500,3000
"New Grain Market , Panchkula",5/16/2024,1,Other,2000,3000,2500
"New Grain Market , Panchkula",5/21/2024,1,Other,2000,3000,2500
"New Grain Market , Panchkula",5/22/2024,1,Other,2000,3000,2500
"New Grain Market , Panchkula",5/23/2024,1,Other,2500,3500,3000
"New Grain Market , Panchkula",5/27/2024,1,Other,2000,3000,2500
"New Grain Market , Panchkula",5/29/2024,1,Other,2500,3500,3000
"New Grain Market , Panchkula",5/30/2024,1,Other,1500,2500,2000
"New Grain Market , Panchkula",5/31/2024,1,Other,2500,3500,3000
"New Grain Market(main), Karnal",5/1/2024,28.7,Other,600,1800,1200
"New Grain Market(main), Karnal",5/2/2024,28.4,Other,500,1800,1150
"New Grain Market(main), Karnal",5/4/2024,36.2,Other,600,1400,1000
"New Grain Market(main), Karnal",5/5/2024,30.8,Other,600,2000,1300
"New Grain Market(main), Karnal",5/6/2024,21.4,Other,600,1800,1200
"New Grain Market(main), Karnal",5/7/2024,23.4,Other,600,1600,1100
"New Grain Market(main), Karnal",5/9/2024,24.1,Other,600,1600,1100
"New Grain Market(main), Karnal",5/11/2024,36.7,Other,600,1400,1000
"New Grain Market(main), Karnal",5/12/2024,36.6,Other,600,1400,1000
"New Grain Market(main), Karnal",5/13/2024,27,Other,500,1200,850
"New Grain Market(main), Karnal",5/14/2024,17,Other,500,800,650
"New Grain Market(main), Karnal",5/15/2024,28.9,Other,400,700,550
"New Grain Market(main), Karnal",5/16/2024,35,Other,400,800,600
"New Grain Market(main), Karnal",5/18/2024,20.7,Other,500,800,650
"New Grain Market(main), Karnal",5/19/2024,23.3,Other,500,800,650
"New Grain Market(main), Karnal",5/20/2024,29.5,Other,400,800,600
"New Grain Market(main), Karnal",5/21/2024,21.7,Other,400,800,600
"New Grain Market(main), Karnal",5/23/2024,22.8,Other,400,1000,700
"New Grain Market(main), Karnal",5/26/2024,19.2,Other,400,800,600
"New Grain Market(main), Karnal",5/27/2024,28.8,Other,400,800,600
"New Grain Market(main), Karnal",5/28/2024,33,Other,400,800,600
"New Grain Market(main), Karnal",5/29/2024,35.9,Other,400,800,600
"New Grain Market(main), Karnal",5/30/2024,37.4,Other,400,800,600
Nuh,5/1/2024,1.8,Other,600,800,800
Nuh,5/2/2024,1,Other,600,800,600
Nuh,5/3/2024,1.4,Other,600,800,700
Nuh,5/4/2024,2.1,Other,500,800,600
Nuh,5/5/2024,1.4,Other,600,800,700
Nuh,5/6/2024,1.6,Other,500,800,800
Nuh,5/7/2024,1.7,Other,600,800,800
Nuh,5/8/2024,0.9,Other,600,800,600
Nuh,5/10/2024,1.1,Other,600,800,700
Nuh,5/11/2024,1.3,Other,600,800,700
Nuh,5/12/2024,0.9,Other,700,800,800
Nuh,5/13/2024,2.5,Other,500,800,600
Nuh,5/15/2024,2,Other,500,800,600
Nuh,5/17/2024,1.8,Other,400,800,500
Nuh,5/18/2024,1.6,Other,500,800,700
Nuh,5/19/2024,1.9,Other,400,700,500
Nuh,5/20/2024,1.1,Other,500,800,800
Nuh,5/22/2024,1.4,Other,500,800,600
Nuh,5/23/2024,1.4,Other,600,800,600
Nuh,5/24/2024,1.1,Other,600,600,600
Nuh,5/25/2024,1.6,Other,500,800,600
Nuh,5/26/2024,0.9,Other,500,600,500
Nuh,5/27/2024,0.9,Other,500,700,600
Nuh,5/28/2024,1.8,Other,600,800,700
Nuh,5/29/2024,1.9,Other,600,800,700
Nuh,5/30/2024,2.1,Other,500,800,500
Palwal,5/2/2024,7.2,Tomato,1200,1400,1300
Palwal,5/3/2024,10.9,Tomato,1200,1400,1300
Palwal,5/10/2024,5.4,Tomato,1000,1200,1100
Palwal,5/11/2024,10.3,Tomato,1000,1200,1100
Palwal,5/12/2024,6.5,Tomato,1000,1200,1100
Palwal,5/13/2024,7.3,Tomato,1000,1200,1100
Palwal,5/14/2024,9.2,Tomato,1000,1200,1100
Palwal,5/15/2024,10.7,Tomato,1000,1200,1100
Palwal,5/17/2024,7.6,Tomato,1000,1200,1100
Palwal,5/18/2024,13.5,Tomato,1200,1800,1500
Palwal,5/19/2024,9.2,Tomato,1200,1500,1350
Palwal,5/20/2024,7.3,Tomato,1200,1500,1350
Palwal,5/21/2024,6.1,Tomato,1200,1500,1350
Palwal,5/22/2024,6.7,Tomato,1200,1500,1350
Palwal,5/23/2024,8.7,Tomato,1200,1500,1350
Palwal,5/24/2024,7.5,Tomato,1200,1500,1350
Palwal,5/25/2024,2,Tomato,1200,1500,1350
Palwal,5/26/2024,5.2,Tomato,1200,1500,1350
Palwal,5/27/2024,7.1,Tomato,1200,1500,1350
Palwal,5/28/2024,13.2,Tomato,1200,1500,1350
Palwal,5/29/2024,9.5,Tomato,1200,1500,1350
Palwal,5/30/2024,7.2,Tomato,1200,1500,1350
Palwal,5/31/2024,4,Tomato,1200,1500,1350
Panipat,5/1/2024,20.8,Other,800,1000,900
Panipat,5/2/2024,26.6,Other,1000,1500,1250
Panipat,5/3/2024,23.5,Other,1000,1500,1250
Panipat,5/4/2024,18.6,Other,1000,1400,1200
Panipat,5/5/2024,22.3,Other,800,1000,900
Panipat,5/6/2024,36.4,Other,900,1100,1000
Panipat,5/7/2024,26.7,Other,800,1000,900
Panipat,5/8/2024,18.6,Other,1000,1200,1100
Panipat,5/9/2024,17.6,Other,800,1000,900
Panipat,5/11/2024,25.6,Other,800,1000,900
Panipat,5/12/2024,32.8,Other,1000,1400,1200
Panipat,5/13/2024,18.9,Other,800,1000,900
Panipat,5/14/2024,18.6,Other,1000,1200,1100
Panipat,5/15/2024,23.1,Other,900,1100,1000
Panipat,5/16/2024,12.6,Other,1000,1200,1100
Panipat,5/17/2024,17.8,Other,800,1000,900
Panipat,5/18/2024,32.6,Other,500,1000,750
Panipat,5/20/2024,17.9,Other,800,1200,1000
Panipat,5/21/2024,17.9,Other,600,800,700
Panipat,5/23/2024,21.1,Other,800,1000,900
Panipat,5/24/2024,23.5,Other,800,1000,900
Panipat,5/25/2024,19.6,Other,900,1100,1000
Panipat,5/26/2024,36,Other,700,900,800
Panipat,5/27/2024,20.6,Other,800,1000,900
Panipat,5/28/2024,21.8,Other,800,1000,900
Panipat,5/29/2024,32.7,Other,800,1000,900
Panipat,5/30/2024,15.8,Other,800,1000,900
Panipat,5/31/2024,21.6,Other,800,1000,900
Pataudi,5/1/2024,12.6,Other,1200,1500,1400
Pataudi,5/3/2024,4.1,Other,1100,1500,1200
Pataudi,5/4/2024,5.2,Other,1400,1700,1600
Pataudi,5/9/2024,7,Other,1500,1700,1600
Pataudi,5/10/2024,8.1,Other,1300,1600,1500
Pataudi,5/11/2024,6.1,Other,1300,1600,1500
Pataudi,5/12/2024,4.9,Other,1100,1500,1200
Pataudi,5/27/2024,7.2,Other,800,1100,1000
Pataudi,5/28/2024,6.1,Other,400,600,500
Pehowa,5/4/2024,0.2,Other,1600,1900,1800
Pehowa,5/7/2024,0.2,Other,1500,1900,1600
Pehowa,5/8/2024,0.2,Other,1600,1900,1800
Pehowa,5/9/2024,0.2,Other,1500,1600,1600
Pehowa,5/13/2024,0.2,Other,1600,1900,1800
Pehowa,5/14/2024,0.2,Other,1500,1600,1600
Pehowa,5/17/2024,0.2,Other,1500,1800,1600
Pehowa,5/21/2024,0.2,Other,1500,2110,1600
Pehowa,5/29/2024,0.2,Other,1600,1600,1600
Pehowa,5/30/2024,0.2,Other,1450,1875,1652
Pehowa,5/31/2024,0.2,Other,1500,1600,1600
Pundri,5/1/2024,1.06,Other,1600,1700,1650
Pundri,5/3/2024,2.2,Other,1300,1400,1350
Pundri,5/4/2024,0.46,Other,1100,1200,1150
Pundri,5/5/2024,1.7,Other,600,800,700
Pundri,5/6/2024,0.2,Other,1000,1100,1050
Pundri,5/7/2024,1.5,Other,800,1100,950
Pundri,5/8/2024,0.44,Other,800,900,850
Pundri,5/9/2024,1.5,Other,900,1100,1000
Pundri,5/10/2024,0.86,Other,700,800,750
Pundri,5/11/2024,1.5,Other,600,800,700
Pundri,5/12/2024,2,Other,400,800,600
Pundri,5/13/2024,1.4,Other,300,400,350
Pundri,5/14/2024,0.75,Other,400,500,450
Pundri,5/15/2024,0.85,Other,500,700,600
Pundri,5/16/2024,0.56,Other,800,1000,900
Pundri,5/17/2024,0.71,Other,600,800,700
Pundri,5/18/2024,1.4,Other,500,600,550
Pundri,5/20/2024,1,Other,500,600,550
Pundri,5/21/2024,1,Other,400,500,450
Pundri,5/22/2024,0.86,Other,500,600,550
Pundri,5/23/2024,0.8,Other,600,800,700
Pundri,5/24/2024,0.4,Other,600,700,650
Pundri,5/25/2024,0.4,Other,600,700,650
Pundri,5/26/2024,0.9,Other,600,700,650
Pundri,5/27/2024,0.2,Other,600,700,650
Pundri,5/28/2024,0.7,Other,600,700,650
Pundri,5/29/2024,0.6,Other,600,800,700
Punhana,5/2/2024,2.9,Other,1500,1500,1500
Punhana,5/3/2024,2.7,Other,1500,1500,1500
Punhana,5/4/2024,2.2,Other,1500,1500,1500
Punhana,5/6/2024,3.9,Other,1200,1500,1300
Punhana,5/7/2024,3.3,Other,1200,1500,1300
Punhana,5/8/2024,1.8,Other,1500,1500,1500
Punhana,5/9/2024,3,Other,1500,1500,1500
Punhana,5/10/2024,1,Other,1500,1500,1500
Punhana,5/11/2024,1.2,Other,1500,1500,1500
Punhana,5/12/2024,2.7,Other,1500,1500,1500
Punhana,5/13/2024,1.9,Other,1000,1000,1000
Punhana,5/15/2024,2.8,Other,1000,1000,1000
Punhana,5/16/2024,3.5,Other,1000,1000,1000
Punhana,5/17/2024,2.4,Other,1000,1000,1000
Punhana,5/18/2024,3.5,Other,1000,1000,1000
Punhana,5/19/2024,2,Other,1000,1000,1000
Punhana,5/20/2024,2.9,Other,800,1000,900
Punhana,5/21/2024,2.2,Other,1000,1000,1000
Punhana,5/22/2024,2,Other,1000,1000,1000
Punhana,5/23/2024,2.1,Other,1000,1000,1000
Punhana,5/24/2024,1.4,Other,1000,1000,1000
Punhana,5/26/2024,4.1,Other,1000,1000,1000
Punhana,5/28/2024,2,Other,1000,1000,1000
Punhana,5/29/2024,1.9,Other,1000,1000,1000
Punhana,5/30/2024,2.3,Other,1000,1000,1000
Punhana,5/31/2024,2.8,Other,1000,1000,1000
Radaur,5/1/2024,12,Other,1200,1500,1400
Radaur,5/2/2024,10,Other,1000,1500,1200
Radaur,5/3/2024,12,Other,1200,1500,1400
Radaur,5/4/2024,12,Other,1000,1500,1400
Radaur,5/6/2024,12,Other,1000,1500,1200
Radaur,5/7/2024,14,Other,1200,1500,1400
Radaur,5/8/2024,10,Other,1200,1500,1400
Radaur,5/9/2024,12,Other,1000,1400,1200
Radaur,5/10/2024,11,Other,1600,1800,1700
Radaur,5/11/2024,10,Other,1200,1500,1400
Radaur,5/13/2024,14,Other,1000,1200,1100
Radaur,5/14/2024,15,Other,800,1000,900
Radaur,5/15/2024,14,Other,600,800,700
Radaur,5/16/2024,12,Other,700,900,800
Radaur,5/17/2024,10,Other,900,1200,1000
Radaur,5/18/2024,12,Other,800,1000,900
Radaur,5/20/2024,12,Other,800,1200,900
Radaur,5/22/2024,11,Other,700,900,800
Radaur,5/23/2024,10,Other,800,1000,900
Radaur,5/24/2024,10,Other,800,1000,900
Radaur,5/25/2024,10,Other,800,1000,900
Radaur,5/27/2024,12,Other,900,1200,1000
Radaur,5/28/2024,10,Other,700,1000,900
Radaur,5/29/2024,16,Other,1000,1400,1200
Radaur,5/30/2024,15,Other,700,900,800
Radaur,5/31/2024,14,Other,700,800,750
Raipur Rai,5/1/2024,0.12,Other,1500,1600,1500
Raipur Rai,5/2/2024,0.14,Other,1500,1600,1500
Raipur Rai,5/3/2024,0.1,Other,1400,1600,1400
Raipur Rai,5/4/2024,0.15,Other,1400,1500,1400
Raipur Rai,5/5/2024,0.15,Other,1400,1600,1400
Raipur Rai,5/7/2024,0.09,Other,1400,1600,1400
Raipur Rai,5/8/2024,0.1,Other,1400,1500,1400
Raipur Rai,5/9/2024,0.2,Other,1500,1600,1500
Raipur Rai,5/10/2024,0.07,Other,1400,1600,1400
Raipur Rai,5/11/2024,0.08,Other,1400,1600,1400
Raipur Rai,5/14/2024,0.06,Other,1400,1600,1400
Raipur Rai,5/15/2024,0.08,Other,1400,1500,1400
Raipur Rai,5/16/2024,0.08,Other,1500,1800,1500
Raipur Rai,5/17/2024,0.1,Other,1400,1600,1400
Raipur Rai,5/18/2024,0.05,Other,1400,1500,1400
Raipur Rai,5/19/2024,0.09,Other,1400,1600,1400
Raipur Rai,5/20/2024,0.05,Other,1400,1600,1400
Raipur Rai,5/21/2024,0.08,Other,1400,1600,1400
Raipur Rai,5/27/2024,0.05,Other,1400,1600,1400
Raipur Rai,5/28/2024,0.09,Other,1500,1600,1500
Raipur Rai,5/29/2024,0.1,Other,1500,1600,1500
Raipur Rai,5/30/2024,0.15,Other,1500,1600,1500
Raipur Rai,5/31/2024,0.1,Other,1500,1600,1500
Rania,5/1/2024,0.2,Other,1900,2050,2000
Rania,5/2/2024,0.2,Other,1770,1900,1850
Rania,5/3/2024,0.2,Other,1900,2100,2000
Rania,5/4/2024,0.2,Other,1800,2000,1900
Rania,5/5/2024,0.15,Other,1700,1900,1850
Rania,5/6/2024,0.15,Other,1900,2100,2000
Rania,5/7/2024,0.15,Other,1600,1800,1750
Rania,5/8/2024,0.2,Other,1500,1700,1600
Rania,5/9/2024,0.25,Other,1800,2000,1900
Rania,5/10/2024,0.2,Other,1900,2200,2000
Rania,5/11/2024,0.2,Other,2000,2200,2100
Rania,5/12/2024,0.2,Other,2100,2300,2200
Rania,5/13/2024,0.2,Other,1900,2200,2000
Rania,5/27/2024,0.15,Other,1900,2100,2000
Rania,5/28/2024,0.2,Other,1600,1850,1750
Rania,5/29/2024,0.15,Other,1600,1800,1700
Rania,5/30/2024,0.2,Other,1900,2100,2000
Rania,5/31/2024,0.2,Other,1800,2000,1900
Ratia,5/1/2024,1.74,Other,1200,1800,1500
Ratia,5/2/2024,1.95,Other,1000,2200,1500
Ratia,5/3/2024,2.61,Other,2000,2800,2400
Ratia,5/4/2024,1.37,Other,1500,2000,1700
Ratia,5/5/2024,0.99,Other,1200,2000,1600
Ratia,5/6/2024,1.95,Other,1000,2200,1600
Ratia,5/7/2024,2.17,Other,900,2000,1500
Ratia,5/8/2024,1.3,Other,1500,2000,1800
Ratia,5/10/2024,2.2,Other,1500,2000,1700
Ratia,5/11/2024,1.4,Other,1200,1800,1500
Ratia,5/12/2024,1.6,Other,1000,1700,1300
Ratia,5/14/2024,4.4,Other,700,1000,850
Ratia,5/15/2024,2.3,Other,600,900,750
Ratia,5/16/2024,2.07,Other,400,1000,700
Ratia,5/17/2024,2,Other,400,800,600
Ratia,5/18/2024,3.1,Other,500,700,600
Ratia,5/19/2024,1.65,Other,500,1000,700
Ratia,5/20/2024,1.89,Other,400,500,450
Ratia,5/21/2024,1.36,Other,500,600,550
Ratia,5/23/2024,2.75,Other,400,600,500
Ratia,5/24/2024,1.11,Other,500,500,500
Ratia,5/25/2024,1.11,Other,500,500,500
Ratia,5/26/2024,1.7,Other,300,500,400
Ratia,5/27/2024,2.07,Other,400,600,500
Ratia,5/31/2024,2.35,Other,400,600,500
Rewari,5/1/2024,10.3,Other,500,1500,1000
Rewari,5/2/2024,5.7,Other,500,1200,800
Rewari,5/3/2024,4.6,Other,500,1300,800
Rewari,5/4/2024,6.2,Other,500,1200,800
Rewari,5/5/2024,3.9,Other,500,1200,800
Rewari,5/7/2024,6.1,Other,500,1200,700
Rewari,5/8/2024,7.3,Other,500,1200,850
Rewari,5/9/2024,7.9,Other,500,1000,750
Rewari,5/10/2024,8.9,Other,500,1000,750
Rewari,5/11/2024,6.3,Other,500,1000,700
Rewari,5/12/2024,7.9,Other,500,1000,750
Rewari,5/13/2024,11.3,Other,500,1000,750
Rewari,5/14/2024,9.7,Other,500,1000,750
Rewari,5/15/2024,9.1,Other,500,1000,750
Rewari,5/16/2024,6.6,Other,500,1000,750
Rewari,5/17/2024,7.8,Other,500,1000,750
Rewari,5/18/2024,5.5,Other,500,1000,750
Rewari,5/19/2024,15.5,Other,500,700,600
Rewari,5/20/2024,15,Other,500,800,650
Rewari,5/21/2024,7.7,Other,500,800,650
Rewari,5/22/2024,7.8,Other,500,800,650
Rewari,5/23/2024,8.1,Other,500,700,600
Rewari,5/24/2024,6.8,Other,500,800,650
Rewari,5/26/2024,8.6,Other,500,800,650
Rewari,5/27/2024,9.6,Other,500,1000,750
Rewari,5/28/2024,5.6,Other,500,800,650
Rewari,5/29/2024,7.1,Other,500,700,600
Rewari,5/30/2024,6.2,Other,500,800,650
Rohtak,5/2/2024,14.5,Other,800,1500,1200
Rohtak,5/4/2024,15.5,Other,800,1600,1200
Rohtak,5/7/2024,15,Other,800,1600,1000
Rohtak,5/8/2024,15.7,Other,500,1200,700
Rohtak,5/9/2024,13.7,Other,700,1500,1000
Rohtak,5/13/2024,35.5,Other,800,1500,1000
Rohtak,5/14/2024,17.4,Other,800,1500,1200
Rohtak,5/15/2024,16.5,Other,600,1500,800
Rohtak,5/16/2024,41.2,Other,600,1500,900
Rohtak,5/18/2024,15.2,Other,600,1500,800
Rohtak,5/20/2024,11,Other,600,1000,800
Rohtak,5/21/2024,10.2,Other,600,1200,800
Rohtak,5/22/2024,5.9,Other,500,1500,800
Rohtak,5/29/2024,14.7,Other,600,1200,800
Rohtak,5/30/2024,22.8,Other,600,1500,800
Rohtak,5/31/2024,21.7,Other,600,1200,800
Sadhaura,5/1/2024,1,Tomato,2000,2000,2000
Sadhaura,5/2/2024,1,Tomato,1800,2000,2000
Sadhaura,5/3/2024,1.8,Tomato,1700,1800,1800
Sadhaura,5/4/2024,1,Tomato,1800,2000,2000
Sadhaura,5/5/2024,1,Tomato,1500,1700,1600
Sadhaura,5/6/2024,1,Tomato,1400,1600,1500
Sadhaura,5/7/2024,1.5,Tomato,1800,2000,2000
Sadhaura,5/8/2024,1.5,Tomato,1800,2000,2000
Sadhaura,5/10/2024,1.2,Tomato,1200,1400,1300
Sadhaura,5/11/2024,3,Tomato,1000,1200,1000
Sadhaura,5/12/2024,2,Tomato,1000,1200,1000
Sadhaura,5/13/2024,2.5,Tomato,1000,1000,1000
Sadhaura,5/14/2024,2,Tomato,1200,1400,1300
Sadhaura,5/15/2024,4.5,Tomato,800,1000,900
Sadhaura,5/16/2024,9.8,Tomato,500,700,600
Sadhaura,5/17/2024,7.1,Tomato,500,700,600
Sadhaura,5/18/2024,4.7,Tomato,500,600,550
Sadhaura,5/19/2024,1,Tomato,600,700,650
Sadhaura,5/20/2024,6,Tomato,700,900,800
Sadhaura,5/21/2024,6.1,Tomato,1400,1600,1500
Sadhaura,5/22/2024,1.6,Tomato,700,900,800
Sadhaura,5/23/2024,2,Tomato,700,800,750
Sadhaura,5/24/2024,1.6,Tomato,400,600,500
Sadhaura,5/25/2024,2,Tomato,800,1000,900
Sadhaura,5/26/2024,2,Tomato,500,600,550
Sadhaura,5/27/2024,2,Tomato,700,800,750
Sadhaura,5/29/2024,2,Tomato,500,700,600
Sadhaura,5/30/2024,1.6,Tomato,500,700,600
Safidon,5/3/2024,2.7,Other,800,1000,900
Safidon,5/6/2024,1.82,Other,800,1200,1000
Safidon,5/8/2024,2,Other,1000,1200,1200
Safidon,5/9/2024,2.44,Other,800,1000,1000
Safidon,5/10/2024,2.4,Other,800,1000,800
Safidon,5/11/2024,2.8,Other,800,1000,900
Safidon,5/12/2024,1.7,Other,900,1000,1000
Safidon,5/13/2024,1.8,Other,800,1000,900
Safidon,5/14/2024,3.32,Other,800,1000,900
Safidon,5/15/2024,3.7,Other,700,800,700
Safidon,5/16/2024,1,Other,800,800,800
Safidon,5/17/2024,2.64,Other,600,600,600
Safidon,5/18/2024,1.76,Other,600,600,600
Safidon,5/19/2024,2.75,Other,600,700,700
Safidon,5/20/2024,2.11,Other,500,700,600
Safidon,5/21/2024,1.73,Other,600,600,600
Safidon,5/22/2024,1.68,Other,600,600,600
Safidon,5/23/2024,2.15,Other,800,800,800
Safidon,5/24/2024,2.07,Other,800,800,800
Safidon,5/27/2024,2.75,Other,800,1000,900
Safidon,5/28/2024,1.76,Other,700,700,700
Safidon,5/29/2024,1.62,Other,800,800,800
Safidon,5/30/2024,1.64,Other,800,800,800
Safidon,5/31/2024,1.6,Other,800,800,800
Sampla,5/5/2024,1,Other,1500,1500,1500
Sampla,5/6/2024,1,Other,1500,2000,2000
Sampla,5/8/2024,1,Other,1500,1500,1500
Sampla,5/9/2024,1,Other,1500,1500,1500
Sampla,5/10/2024,1.8,Other,1500,1500,1500
Sampla,5/15/2024,1.2,Other,1500,1500,1500
Sampla,5/16/2024,1,Other,1500,1500,1500
Sampla,5/17/2024,1.4,Other,1500,1500,1500
Sampla,5/21/2024,2,Other,1500,1500,1500
Sampla,5/22/2024,1.2,Other,1500,1500,1500
Sampla,5/23/2024,1.5,Other,1500,1500,1500
Sampla,5/24/2024,1,Other,1500,1500,1500
Sampla,5/25/2024,1.5,Other,1500,1500,1500
Sampla,5/26/2024,1.6,Other,1500,1500,1500
Sampla,5/27/2024,2,Other,1500,1500,1500
Sampla,5/28/2024,1,Other,1500,1500,1500
Sampla,5/29/2024,1.2,Other,1500,1500,1500
Sampla,5/30/2024,1.5,Other,1500,1500,1500
Sampla,5/31/2024,0.8,Other,1500,1500,1500
Shahabad,5/1/2024,2.8,Tomato,800,1800,1200
Shahabad,5/2/2024,4.1,Tomato,500,1800,1500
Shahabad,5/3/2024,3.2,Tomato,800,2000,1600
Shahabad,5/4/2024,3.6,Tomato,500,2000,1500
Shahabad,5/6/2024,3.55,Tomato,600,2000,1500
Shahabad,5/7/2024,3.6,Tomato,800,1800,1000
Shahabad,5/8/2024,3.5,Tomato,700,2000,1000
Shahabad,5/9/2024,3.14,Tomato,700,2000,1000
Shahabad,5/11/2024,4.2,Tomato,600,2000,800
Shahabad,5/13/2024,4.95,Tomato,500,1500,1000
Shahabad,5/14/2024,4.65,Tomato,500,1500,800
Shahabad,5/15/2024,4.65,Tomato,400,1500,600
Shahabad,5/16/2024,3.9,Tomato,500,1500,600
Shahabad,5/17/2024,3.35,Tomato,300,1000,500
Shahabad,5/18/2024,2.55,Tomato,300,1500,500
Shahabad,5/20/2024,3.1,Tomato,500,1500,800
Shahabad,5/21/2024,3.7,Tomato,500,1200,900
Shahabad,5/22/2024,4.5,Tomato,500,1000,800
Shahabad,5/23/2024,3.5,Tomato,500,800,600
Shahabad,5/24/2024,3.8,Tomato,400,600,500
Shahabad,5/25/2024,3,Tomato,300,900,600
Shahabad,5/27/2024,3.85,Tomato,400,1000,700
Shahabad,5/28/2024,3.5,Tomato,400,1000,700
Shahabad,5/29/2024,4.75,Tomato,400,800,600
Shahabad,5/30/2024,5.2,Tomato,300,800,600
Shahabad,5/31/2024,5.1,Tomato,400,800,600
Shahzadpur,5/1/2024,0.71,Local,1000,2000,1500
Shahzadpur,5/2/2024,0.8,Local,1000,2000,1000
Shahzadpur,5/3/2024,0.67,Local,1000,1500,1000
Shahzadpur,5/4/2024,0.81,Local,1000,2000,1500
Shahzadpur,5/6/2024,0.95,Local,1000,2000,1000
Shahzadpur,5/7/2024,0.6,Local,1200,2000,1500
Shahzadpur,5/8/2024,0.72,Local,1000,1500,1000
Shahzadpur,5/9/2024,0.6,Local,1000,1500,1100
Shahzadpur,5/10/2024,0.6,Local,1000,2000,1500
Shahzadpur,5/11/2024,0.76,Local,1000,1500,1000
Shahzadpur,5/13/2024,0.76,Local,1000,1500,1000
Shahzadpur,5/14/2024,0.6,Local,1000,1500,1000
Shahzadpur,5/15/2024,0.7,Local,1000,1500,1000
Shahzadpur,5/16/2024,0.36,Local,800,1000,1000
Shahzadpur,5/17/2024,0.7,Local,800,1000,1000
Shahzadpur,5/18/2024,0.4,Local,800,1000,1000
Shahzadpur,5/20/2024,0.8,Local,800,1300,1000
Shahzadpur,5/21/2024,0.7,Local,500,1000,1000
Shahzadpur,5/22/2024,0.45,Local,800,1000,1000
Shahzadpur,5/23/2024,0.7,Local,800,1300,1000
Shahzadpur,5/24/2024,0.55,Local,1000,1000,1000
Shahzadpur,5/25/2024,0.3,Local,800,1000,800
Shahzadpur,5/27/2024,0.55,Local,800,1000,1000
Shahzadpur,5/28/2024,0.72,Local,800,1500,1000
Shahzadpur,5/29/2024,0.7,Local,800,1000,1000
Shahzadpur,5/30/2024,0.66,Local,1000,1100,1000
Shahzadpur,5/31/2024,0.81,Local,500,1000,1000
Sirsa,5/1/2024,11.2,Other,1300,2200,2000
Sirsa,5/2/2024,10.8,Other,1000,2000,1600
Sirsa,5/3/2024,11.5,Other,1000,2000,1800
Sirsa,5/4/2024,13.7,Other,800,1800,1500
Sirsa,5/5/2024,11,Other,900,1600,1500
Sirsa,5/6/2024,10.6,Other,900,1500,1200
Sirsa,5/7/2024,12.8,Other,1000,1500,1200
Sirsa,5/8/2024,12.2,Other,1000,1400,1300
Sirsa,5/10/2024,14.1,Other,800,1400,1200
Sirsa,5/11/2024,6.2,Other,400,1200,1000
Sirsa,5/12/2024,7.5,Other,400,1000,800
Sirsa,5/13/2024,9.4,Other,400,800,700
Sirsa,5/14/2024,7.6,Other,400,700,600
Sirsa,5/15/2024,9.6,Other,300,750,600
Sirsa,5/16/2024,10.3,Other,500,1000,700
Sirsa,5/17/2024,9.9,Other,400,600,500
Sirsa,5/18/2024,10.4,Other,400,800,600
Sirsa,5/19/2024,10,Other,400,600,500
Sirsa,5/20/2024,8.4,Other,400,700,600
Sirsa,5/21/2024,5.2,Other,500,750,600
Sirsa,5/22/2024,10.7,Other,400,1000,600
Sirsa,5/23/2024,8.2,Other,500,700,600
Sirsa,5/24/2024,12.7,Other,400,700,600
Sirsa,5/25/2024,10.5,Other,500,700,600
Sirsa,5/27/2024,9.9,Other,600,1000,700
Sirsa,5/28/2024,7.8,Other,600,800,700
Sirsa,5/29/2024,15,Other,500,1000,800
Sirsa,5/30/2024,15.7,Other,500,800,700
Sirsa,5/31/2024,19.7,Other,400,800,700
Siwan,5/1/2024,0.8,Other,1100,1300,1200
Siwan,5/2/2024,0.8,Other,1500,1600,1600
Siwan,5/3/2024,0.6,Other,1500,1600,1600
Siwan,5/4/2024,0.9,Other,2000,2100,2000
Siwan,5/5/2024,0.4,Other,1700,1700,1700
Siwan,5/6/2024,0.5,Other,1500,1600,1600
Siwan,5/8/2024,1,Other,1400,1500,1500
Siwan,5/9/2024,0.7,Other,1500,1600,1600
Siwan,5/10/2024,0.6,Other,1100,1200,1200
Siwan,5/11/2024,0.8,Other,1100,1200,1200
Siwan,5/12/2024,1.2,Other,1200,1300,1200
Siwan,5/13/2024,0.7,Other,1200,1300,1300
Siwan,5/14/2024,0.9,Other,1400,1500,1500
Siwan,5/15/2024,0.7,Other,1400,1500,1500
Siwan,5/16/2024,1.5,Other,800,800,800
Siwan,5/17/2024,1.7,Other,800,900,900
Siwan,5/18/2024,1.3,Other,800,800,800
Siwan,5/19/2024,1.4,Other,800,900,800
Siwan,5/20/2024,1.2,Other,700,800,800
Siwan,5/21/2024,0.7,Other,800,1000,900
Siwan,5/22/2024,0.8,Other,700,900,800
Siwan,5/23/2024,1,Other,700,800,800
Siwan,5/24/2024,1,Other,500,500,500
Siwan,5/26/2024,0.9,Other,600,700,600
Siwan,5/27/2024,1.2,Other,600,600,600
Siwan,5/28/2024,1.1,Other,600,700,700
Siwan,5/29/2024,1.3,Other,600,600,600
Siwan,5/30/2024,1.3,Other,500,500,500
Siwan,5/31/2024,1.6,Other,600,600,600
Sohna,5/2/2024,4.3,Tomato,1000,2000,1500
Sohna,5/3/2024,2.1,Tomato,1000,1500,1200
Sohna,5/4/2024,3.1,Tomato,1000,1500,1200
Sohna,5/5/2024,3.25,Tomato,600,2000,1400
Sohna,5/6/2024,3.6,Tomato,800,2000,1500
Sohna,5/7/2024,1.8,Tomato,1000,1500,1300
Sohna,5/8/2024,5,Tomato,1500,1600,1550
Sohna,5/9/2024,4.9,Tomato,1000,1500,1200
Sohna,5/10/2024,3.2,Tomato,1200,1500,1400
Sohna,5/11/2024,3.9,Tomato,1000,1600,1500
Sohna,5/12/2024,2.45,Tomato,1000,2000,1500
Sohna,5/13/2024,4.6,Tomato,1000,1600,1500
Sohna,5/14/2024,5.6,Tomato,1000,2000,1500
Sohna,5/15/2024,5.3,Tomato,800,1200,1000
Sohna,5/16/2024,4.35,Tomato,800,1500,1200
Sohna,5/17/2024,4.7,Tomato,500,1000,800
Sohna,5/18/2024,3.8,Tomato,500,1200,1000
Sohna,5/19/2024,3.7,Tomato,500,1500,1000
Sohna,5/20/2024,3.8,Tomato,500,1200,1000
Sohna,5/21/2024,4.1,Tomato,1000,1500,1200
Sohna,5/22/2024,4.1,Tomato,1000,1200,1100
Sohna,5/24/2024,2,Tomato,1000,1200,1100
Sohna,5/25/2024,2.5,Tomato,1500,2000,1800
Sohna,5/27/2024,2.3,Tomato,1000,1500,1200
Sohna,5/28/2024,5.1,Tomato,800,1500,1200
Sohna,5/29/2024,5,Tomato,800,1500,1200
Sohna,5/30/2024,4.2,Tomato,800,1200,1000
Sohna,5/31/2024,3.7,Tomato,1000,1500,1300
Sonepat,5/1/2024,29.8,Other,1900,2000,1900
Sonepat,5/2/2024,46.6,Other,1600,2000,1600
Sonepat,5/3/2024,19,Other,1900,2000,1900
Sonepat,5/4/2024,32.1,Other,1800,2200,1800
Sonepat,5/5/2024,14.5,Other,1600,2000,1600
Sonepat,5/6/2024,32.4,Other,1600,2100,1600
Sonepat,5/7/2024,5.6,Hybrid,1500,2000,1500
Sonepat,5/8/2024,1.5,Hybrid,1800,2300,1800
Sonepat,5/10/2024,27.1,Other,1500,1800,1800
Sonepat,5/11/2024,28.1,Other,1800,2200,2200
Sonepat,5/13/2024,31,Other,1200,1400,1400
Sonepat,5/14/2024,32.5,Other,1200,1500,1500
Sonepat,5/15/2024,37.7,Other,1250,1500,1450
Sonepat,5/16/2024,24.7,Other,1200,1400,1400
Sonepat,5/17/2024,28.6,Other,1450,1800,1800
Sonepat,5/18/2024,28.8,Other,1160,1500,1450
Sonepat,5/19/2024,26,Other,1450,1700,1700
Sonepat,5/20/2024,29,Other,1280,1500,1450
Sonepat,5/21/2024,21.2,Other,1100,1560,1560
Sonepat,5/22/2024,26.5,Other,1800,2000,2000
Sonepat,5/23/2024,24,Other,1200,1400,1400
Sonepat,5/24/2024,19.3,Other,1200,1400,1400
Sonepat,5/25/2024,18.3,Other,1100,1500,1500
Sonepat,5/26/2024,22.3,Other,1300,1450,1450
Sonepat,5/27/2024,23.7,Other,1200,1400,1400
Sonepat,5/28/2024,25.1,Other,1300,1600,1600
Sonepat,5/29/2024,36.55,Other,1100,1400,1400
Sonepat,5/30/2024,25,Other,1200,1400,1400
Sonepat,5/31/2024,27.05,Other,1100,1400,1400
Sonepat(Kharkhoda),5/1/2024,3.8,Deshi,1200,1500,1400
Sonepat(Kharkhoda),5/2/2024,2.9,Deshi,1200,1500,1400
Sonepat(Kharkhoda),5/7/2024,1.9,Deshi,1500,1800,1600
Sonepat(Kharkhoda),5/8/2024,2.7,Deshi,1500,1700,1600
Sonepat(Kharkhoda),5/10/2024,4.1,Deshi,1500,1800,1600
Sonepat(Kharkhoda),5/11/2024,2.8,Deshi,1500,1800,1600
Sonepat(Kharkhoda),5/12/2024,2.5,Deshi,1500,1700,1600
Sonepat(Kharkhoda),5/13/2024,1.5,Deshi,1000,1000,1000
Sonepat(Kharkhoda),5/14/2024,2,Deshi,1500,1500,1500
Sonepat(Kharkhoda),5/15/2024,3.4,Deshi,1200,1500,1400
Sonepat(Kharkhoda),5/16/2024,2,Deshi,800,1000,900
Sonepat(Kharkhoda),5/17/2024,2.4,Deshi,800,1000,1000
Sonepat(Kharkhoda),5/18/2024,3.4,Deshi,1000,1000,1000
Sonepat(Kharkhoda),5/20/2024,2.8,Deshi,800,1000,900
Sonepat(Kharkhoda),5/21/2024,2.6,Deshi,800,1000,900
Sonepat(Kharkhoda),5/22/2024,2.8,Deshi,1000,1000,1000
Sonepat(Kharkhoda),5/23/2024,3,Deshi,800,1000,900
Sonepat(Kharkhoda),5/24/2024,1.2,Deshi,1000,1000,1000
Sonepat(Kharkhoda),5/27/2024,2.6,Deshi,1200,1300,1250
Sonepat(Kharkhoda),5/28/2024,2.6,Deshi,1200,1200,1200
Sonepat(Kharkhoda),5/29/2024,3.6,Deshi,1200,1200,1200
Sonepat(Kharkhoda),5/30/2024,3.1,Deshi,1000,1200,1100
Sonepat(Kharkhoda),5/31/2024,2.8,Deshi,800,1200,1000
Tauru,5/2/2024,0.8,Tomato,1500,1500,1500
Tauru,5/3/2024,0.6,Tomato,2000,2000,2000
Tauru,5/7/2024,1.4,Tomato,1500,1500,1500
Tauru,5/8/2024,1.5,Tomato,1200,1200,1200
Tauru,5/9/2024,3.5,Tomato,1000,1500,1000
Tauru,5/10/2024,2,Tomato,1000,1000,1000
Tauru,5/11/2024,1.5,Tomato,1000,1000,1000
Tauru,5/14/2024,2.5,Tomato,1000,1000,1000
Tauru,5/15/2024,1.5,Tomato,1000,1000,1000
Tauru,5/16/2024,6.5,Tomato,1000,1000,1000
Tauru,5/19/2024,3.5,Tomato,1000,1000,1000
Tauru,5/20/2024,5.8,Tomato,1000,1000,1000
Tauru,5/21/2024,3.5,Tomato,1000,1000,1000
Tauru,5/22/2024,3.5,Tomato,1000,1000,1000
Tauru,5/23/2024,2.5,Tomato,1000,1000,1000
Tauru,5/24/2024,2,Tomato,1000,1000,1000
Tauru,5/27/2024,1.1,Tomato,1000,1000,1000
Tauru,5/28/2024,0.9,Tomato,1000,1000,1000
Tauru,5/30/2024,0.9,Tomato,1000,1000,1000
Tauru,5/31/2024,2,Tomato,1000,1000,1000
Thanesar,5/1/2024,13.8,Tomato,1000,1500,1200
Thanesar,5/2/2024,13.2,Tomato,1000,2000,1500
Thanesar,5/3/2024,13.4,Tomato,1000,1600,1300
Thanesar,5/4/2024,10.5,Tomato,1000,1600,1300
Thanesar,5/6/2024,12.5,Tomato,500,1200,750
Thanesar,5/7/2024,11.2,Tomato,600,1600,1000
Thanesar,5/8/2024,13.3,Tomato,300,1500,800
Thanesar,5/9/2024,9.5,Tomato,500,1800,1200
Thanesar,5/10/2024,12.7,Deshi,1000,2000,1600
Thanesar,5/11/2024,11.8,Tomato,500,1500,1000
Thanesar,5/13/2024,15.2,Tomato,400,1000,700
Thanesar,5/14/2024,12.9,Tomato,500,1000,700
Thanesar,5/15/2024,11.2,Tomato,500,1000,700
Thanesar,5/16/2024,9.4,Tomato,400,800,600
Thanesar,5/17/2024,10.3,Tomato,400,800,600
Thanesar,5/18/2024,10.9,Tomato,400,800,600
Thanesar,5/20/2024,11.8,Tomato,500,1000,700
Thanesar,5/21/2024,11.6,Tomato,500,1000,700
Thanesar,5/22/2024,12.6,Tomato,500,1000,700
Thanesar,5/23/2024,11.6,Tomato,500,1000,800
Thanesar,5/24/2024,11.2,Tomato,500,1000,750
Thanesar,5/25/2024,11.5,Tomato,500,1000,750
Thanesar,5/27/2024,11.2,Tomato,400,800,600
Thanesar,5/28/2024,11.2,Tomato,500,800,600
Thanesar,5/29/2024,11.6,Tomato,500,800,650
Thanesar,5/30/2024,11.3,Tomato,250,500,350
Thanesar,5/31/2024,0.01,Tomato,250,450,350
Tohana(New Veg Market),5/1/2024,4.8,Tomato,2000,2650,2400
Tohana(New Veg Market),5/2/2024,4.5,Tomato,2500,2500,2500
Tohana(New Veg Market),5/8/2024,6.5,Tomato,1800,2000,2000
Tohana(New Veg Market),5/13/2024,5,Tomato,1600,2000,2000
Tohana(New Veg Market),5/14/2024,7,Tomato,1000,1200,1000
Tohana(New Veg Market),5/15/2024,8,Tomato,800,1220,1200
Tohana(New Veg Market),5/16/2024,5,Tomato,800,1000,1000
Tohana(New Veg Market),5/17/2024,4.2,Tomato,800,1200,1000
Tohana(New Veg Market),5/20/2024,3.2,Tomato,800,1000,1000
Tohana(New Veg Market),5/22/2024,5.5,Tomato,1000,1200,1200
Tohana(New Veg Market),5/23/2024,6.6,Tomato,1000,1000,1000
Tohana(New Veg Market),5/24/2024,8.8,Tomato,1000,1200,1200
Uklana,5/1/2024,0.3,Other,1600,1800,1800
Uklana,5/2/2024,0.2,Other,1600,1800,1800
Uklana,5/3/2024,0.3,Other,1200,1400,1400
Uklana,5/4/2024,0.3,Other,1200,1400,1400
Uklana,5/5/2024,0.4,Other,1200,1400,1400
Uklana,5/6/2024,0.3,Other,1600,1800,1800
Uklana,5/7/2024,0.2,Other,1600,1800,1800
Uklana,5/8/2024,0.2,Other,1600,1800,1800
Uklana,5/9/2024,0.2,Other,1200,1400,1400
Uklana,5/10/2024,0.3,Other,1300,1500,1500
Uklana,5/11/2024,0.2,Other,1200,1400,1400
Uklana,5/12/2024,0.3,Other,800,1000,1000
Uklana,5/13/2024,0.3,Other,800,1000,1000
Uklana,5/14/2024,0.3,Other,800,1000,1000
Uklana,5/15/2024,0.2,Other,800,1000,1000
Uklana,5/16/2024,0.4,Other,500,500,500
Uklana,5/17/2024,0.4,Other,500,600,600
Uklana,5/18/2024,0.3,Other,500,500,500
Uklana,5/19/2024,0.6,Other,500,500,500
Uklana,5/20/2024,0.3,Other,500,500,500
Uklana,5/21/2024,0.2,Other,600,700,700
Uklana,5/22/2024,0.2,Other,1000,1000,1000
Uklana,5/23/2024,0.2,Other,1000,1000,1000
Uklana,5/24/2024,0.1,Other,1000,1000,1000
Uklana,5/25/2024,0.3,Other,1000,1000,1000
Uklana,5/27/2024,0.2,Other,1000,1000,1000
Uklana,5/28/2024,0.3,Other,900,1000,1000
Uklana,5/30/2024,0.4,Other,700,800,800
Uklana,5/31/2024,0.3,Other,700,800,800
